school,address,profileId,reason,sourceUrl,verificationSource
四川质量工程职业技术学院,校本部：四川省峨眉山市光辉路919号,3912,仅定位至城市，县区待核,,
广东制造职业技术学院,新港校区：广州市海珠新港西路160号,3899,仅定位至城市，县区待核,,
塔里木理工学院,新疆维吾尔自治区阿拉尔市三五九大街北4040号,3814,第三方档案县区代码（非官网核验）,,
西安戏剧学院,陕西省西安市西咸新区秦汉新城兰池大道369号,3813,仅定位至城市，县区待核,,
大湾区大学,广东省东莞市松山湖高新技术产业开发区大学路16号,3810,仅定位至城市，县区待核,,
南通卫生健康职业学院,江苏省南通经济技术开发区振兴东路288号,3767,仅定位至城市，县区待核,,
驻马店农业工程职业学院,河南省驻马店市盘龙山路2668号（盘龙山与重阳大道交叉口）,3723,仅定位至城市，县区待核,,
河南新乡工商职业学院,河南省新乡市平原示范区科教城嵩山大道369号,3722,仅定位至城市，县区待核,,
双河职业技术学院,新疆维吾尔自治区双河市光明路137号,3708,第三方档案县区代码（非官网核验）,,
康复大学,山东省青岛高新区登云路369号,3703,仅定位至城市，县区待核,,
海南东方新丝路职业学院,海南省东方市金月湾滨海旅游度假区,3698,第三方档案县区代码（非官网核验）,,
香港城市大学（东莞）,广东省东莞市松山湖高新技术产业开发区高雄路8号,3687,仅定位至城市，县区待核,,
郑州软件职业技术学院,郑州航空港经济综合实验区南海大道36号,3670,仅定位至城市，县区待核,,
开封职业学院,产融校区：开封市产城融合示范区和谐路1号（郑民高速杏花营站出口向南7公里,3668,仅定位至城市，县区待核,,
开封职业学院,开港大道与和谐路交叉口向东200米路南）,3668,仅定位至城市，县区待核,,
衡水健康科技职业学院,河北省衡水市滨湖新区红旗大街2197号,3657,仅定位至城市，县区待核,,
图木舒克职业技术学院,图木舒克市唐王城北路1号,3654,第三方档案县区代码（非官网核验）,,
海南比勒费尔德应用科学大学,海南省儋州市洋浦经济开发区,3645,仅定位至城市，县区待核,,
郑州食品工程职业学院,太湖路校区：郑州航空港区华夏大道与太湖路交叉口,3643,仅定位至城市，县区待核,,
山东城市服务职业学院,山东省烟台市高新区科创西路60号,3641,仅定位至城市，县区待核,,
可克达拉职业技术学院,新疆生产建设兵团第四师可克达拉市汉江东路1357号,3640,第三方档案县区代码（非官网核验）,,
新星职业技术学院,新疆生产建设兵团第十三师新星市先锋大道南侧,3638,地区无法映射当前边界快照,,
昆玉职业技术学院,新疆维吾尔自治区昆玉市长安街269号,3636,第三方档案县区代码（非官网核验）,,
甘孜职业学院,校本部：甘孜州海螺沟景区南磨大道1号,3595,仅定位至城市，县区待核,,
重庆工信职业学院,长寿校区：重庆市长寿高新区北城大道2020号,3594,仅定位至城市，县区待核,,
广东梅州职业技术学院,广梅产业园校区：广州梅州产业转移园蕉岭路,3586,仅定位至城市，县区待核,,
信阳艺术职业学院,信阳市羊山校区：河南省信阳市羊山新区经北一路,3581,仅定位至城市，县区待核,,
洛阳文化旅游职业学院,伊滨校区：河南省洛阳市伊滨区玉泉街299号,3579,仅定位至城市，县区待核,,
宿州航空职业学院,安徽省宿州市宿马园区马鞍山大道588号,3576,仅定位至城市，县区待核,,
吉林通用航空职业技术学院,吉林省吉林市高新北区科技大路777号,3572,仅定位至城市，县区待核,,
塔里木职业技术学院,新疆生产建设兵团第一师阿拉尔市青松路工业园区,3533,第三方档案县区代码（非官网核验）,,
河南对外经济贸易职业学院,开封校区：郑汴一体化示范区职教园区十大街,3511,仅定位至城市，县区待核,,
河南女子职业学院,东校区：郑州市北环路东段10号,3510,仅定位至城市，县区待核,,
邯郸科技职业学院,河北省邯郸市冀南新区滏阳路1号,3495,仅定位至城市，县区待核,,
辽宁师范高等专科学校,奥体校区：辽宁省沈阳市浑南新区富民南街56号,3478,仅定位至城市，县区待核,,
安徽艺术学院,丹霞路校区：安徽省合肥市经济技术开发区大学城丹霞路8号,3461,仅定位至城市，县区待核,,
安徽艺术学院,宣城路校区：安徽省合肥市宣城路16号,3461,仅定位至城市，县区待核,,
铁门关职业技术学院,主校区：新疆维吾尔自治区铁门关市迎宾大道,3455,仅定位至城市，县区待核,,
石河子工程职业技术学院,新疆石河子市北工业园区北十二路,3424,第三方档案县区代码（非官网核验）,,
承德应用技术职业学院,南校区：河北省承德市高新技术开发区,3419,仅定位至城市，县区待核,,
新疆科技职业技术学院,新疆维吾尔自治区五家渠市猛进南路980号,3408,第三方档案县区代码（非官网核验）,,
云南特殊教育职业学院,呈贡校区：云南省昆明市呈贡大学城吴家营街道万峰街1909号,3405,仅定位至城市，县区待核,,
云南轻纺职业学院,云南省昆明市安宁职业教育基地宁泊路54号,3404,仅定位至城市，县区待核,,
四川体育职业学院,华西坝校区：四川省成都市一环路南三段16号,3401,仅定位至城市，县区待核,,
天府新区航空旅游职业学院,天府校区：四川省天府新区剑南大道南延线航空大道中段168号,3398,仅定位至城市，县区待核,,
天府新区航空旅游职业学院,仁寿校区：四川省眉山市天府仁寿大道66号,3398,仅定位至城市，县区待核,,
湖南劳动人事职业学院,湖南省长沙经济技术开发区开元东路1319号,3385,仅定位至城市，县区待核,,
株洲师范高等专科学校,云龙校区：湖南省株洲市经开区智慧路89号,3379,仅定位至城市，县区待核,,
长江艺术工程职业学院,湖北省荆州市纪南生态文化旅游区孙叔敖路1号,3377,仅定位至城市，县区待核,,
武汉海事职业学院,武汉市汉口北经济开发区十里棚特1号,3376,仅定位至城市，县区待核,,
湖北幼儿师范高等专科学校,汤逊湖校区：湖北省武汉市江夏庙山开发区华泰路95号,3374,仅定位至城市，县区待核,,
湖北幼儿师范高等专科学校,葛店校区：湖北省鄂州市葛店经济开发区高新东路特1号,3374,仅定位至城市，县区待核,,
河南测绘职业学院,郑州市郑东新区工贸路30号,3369,仅定位至城市，县区待核,,
三门峡社会管理职业学院,河南省三门峡市职业教育园区学府路,3368,仅定位至城市，县区待核,,
郑州财税金融职业学院,校本部：河南省郑州市郑尉路18号,3367,仅定位至城市，县区待核,,
河南物流职业学院,平原校区：河南省郑州市黄河大桥北中州大道与郑焦晋（原焦）高速交叉口西侧,3366,仅定位至城市，县区待核,,
河南物流职业学院,新乡校区：新乡市科隆大道114号,3366,仅定位至城市，县区待核,,
驻马店幼儿师范高等专科学校,盘龙校区：河南省驻马店市盘龙山路2658号,3364,仅定位至城市，县区待核,,
濮阳医学高等专科学校,濮阳市城乡一体化示范区文岩街商鞅路交叉口向东160米路北,3362,仅定位至城市，县区待核,,
河南林业职业学院,中州校区：河南省洛阳市中州东路2号,3361,仅定位至城市，县区待核,,
河南林业职业学院,三川校区：河南省洛阳市洛常路168号,3361,仅定位至城市，县区待核,,
河南林业职业学院,黄梅校区：河南省洛阳市黄梅路19号,3361,仅定位至城市，县区待核,,
河南林业职业学院,建春门校区：河南省洛阳市建春门大街与复兴路交叉口向东100米,3361,仅定位至城市，县区待核,,
赣南卫生健康职业学院,江西省赣州市蓉江新区高校园区,3358,仅定位至城市，县区待核,,
抚州幼儿师范高等专科学校,抚州市王安石大道99号,3355,仅定位至城市，县区待核,,
泉州工程职业技术学院,泉州市南安科技教育园区彬星988号（南安一中校区对面）,3352,仅定位至城市，县区待核,,
江苏旅游职业学院,九龙湖校区：江苏省扬州市毓秀路88号,3348,仅定位至城市，县区待核,,
江苏航空职业技术学院,江苏省镇江瑞城路88号,3346,仅定位至城市，县区待核,,
江苏城乡建设职业学院,殷村校区：江苏省常州市殷村职教园和裕路1号,3345,仅定位至城市，县区待核,,
盐城幼儿师范高等专科学校,学海路校区：江苏省盐城市高职园区学海路28号,3342,仅定位至城市，县区待核,,
盐城幼儿师范高等专科学校,海洋路校区：江苏省盐城市高职园区海洋路28号,3342,仅定位至城市，县区待核,,
南京审计大学金审学院,南京市仙林大学城仙林大道100号,3340,仅定位至城市，县区待核,,
唐山幼儿师范高等专科学校,河北省唐山市高新技术开发区京唐智慧港,3334,仅定位至城市，县区待核,,
石家庄城市经济职业学院,主校区：河北省石家庄市经济技术开发区岗上镇文明路12号,3332,仅定位至城市，县区待核,,
石家庄城市经济职业学院,东校区：河北省石家庄市经济技术开发区（东区）鼎盛街3号,3332,仅定位至城市，县区待核,,
吉林水利电力职业学院,吉林省长春市净月开发区聚业大街6566号,3329,仅定位至城市，县区待核,,
长春师范高等专科学校,长春市农安经济开发区合隆镇长隆大街2015-1号,3328,仅定位至城市，县区待核,,
昆明铁道职业技术学院,小石坝校区：昆明市经济技术开发区小石坝16号,3321,仅定位至城市，县区待核,,
新疆工程职业大学,新疆维吾尔自治区铁门关市敬业大街2号,3318,第三方档案县区代码（非官网核验）,,
太原幼儿师范高等专科学校,兴华校区：山西省太原市兴华街67号,3296,仅定位至城市，县区待核,,
甘肃财贸职业学院,兰州新区职教园校区：甘肃省兰州市兰州新区职教园区海河街766号,3292,仅定位至城市，县区待核,,
兰州现代职业学院,甘肃省兰州新区职教园区（兰州新区九龙江街500号）,3289,仅定位至城市，县区待核,,
闽江师范高等专科学校,旗山校区：福建省福州市上街大学城学府南路1号,3282,仅定位至城市，县区待核,,
海南健康管理职业技术学院,金江校区：海南省澄迈县金江镇文化北路1号,3279,仅定位至城市，县区待核,,
海南健康管理职业技术学院,老城校区：海南省澄迈县老城镇北一环路,3279,仅定位至城市，县区待核,,
阳泉职业技术学院,阳泉市漾泉大街9号,3278,仅定位至城市，县区待核,,
朔州师范高等专科学校,山西省朔州市开发区长宁东街85号,3277,仅定位至城市，县区待核,,
曹妃甸职业技术学院,河北省唐山市曹妃甸新城行知路25号,3274,仅定位至城市，县区待核,,
长春健康职业学院,吉林省长春市高新区锦河街155号,3260,仅定位至城市，县区待核,,
福州墨尔本理工职业学院,福建省福州大学城联榕路9号,3259,仅定位至城市，县区待核,,
陕西机电职业技术学院,千河校区：陕西省宝鸡市陈仓大道千河桥西,3258,仅定位至城市，县区待核,,
阜阳幼儿师范高等专科学校,安徽省阜阳市清河西路259号,3256,仅定位至城市，县区待核,,
江西师范高等专科学校,江西省鹰潭市信江新区滨江东路1号,3253,仅定位至城市，县区待核,,
江西水利职业学院,校本部：江西省南昌市国家经济开发区北山路99号,3249,仅定位至城市，县区待核,,
江西水利职业学院,校址二：江西省赣江新区永修组团湖东新区纵一路1号,3249,仅定位至城市，县区待核,,
广东茂名幼儿师范专科学校,茂名校区：广东省茂名市西城西路6号,3239,仅定位至城市，县区待核,,
毕节医学高等专科学校,主校区：贵州省毕节市高新区双山职教城文馨大道1号,3235,仅定位至城市，县区待核,,
南通师范高等专科学校,开发区校区：江苏省南通市经济技术开发区育贤路2号,3230,仅定位至城市，县区待核,,
广东酒店管理职业技术学院,广东省东莞市厚街镇教育园区学府路1号,3219,仅定位至城市，县区待核,,
内蒙古艺术学院,云谷校区：呼和浩特市和林格尔新区云谷大道,3215,仅定位至城市，县区待核,,
广西培贤国际职业学院,广西平果县大学城大学东路12号,3212,仅定位至城市，县区待核,,
成都工业职业技术学院,天府校区：四川省成都市天府新区大安路818号,3204,仅定位至城市，县区待核,,
成都工业职业技术学院,高新校区：四川省成都市高新区府城大道西段769号,3204,仅定位至城市，县区待核,,
四川西南航空职业学院,西区：四川省成都国际职教城学府大道996号,3200,仅定位至城市，县区待核,,
四川西南航空职业学院,东区：四川省成都国际职教城杨溪大道999号,3200,仅定位至城市，县区待核,,
山东艺术设计职业学院,黄台校区：山东省济南市航运路北首黄台山庄109号,3192,仅定位至城市，县区待核,,
四川护理职业学院,德阳校区：四川省德阳市一环路东一段199号,3186,仅定位至城市，县区待核,,
甘肃卫生职业学院,新区校区：甘肃省兰州市新区职教园区九龙江街1666号,3154,仅定位至城市，县区待核,,
合肥幼儿师范高等专科学校,学林路校区：安徽省合肥市新站高新区学林路1100号,3115,仅定位至城市，县区待核,,
合肥幼儿师范高等专科学校,少荃湖校区：安徽省合肥市新站高新区文忠路2299号,3115,仅定位至城市，县区待核,,
菏泽职业学院,山东省菏泽市长城路999号,3113,仅定位至城市，县区待核,,
辽宁轨道交通职业学院,辽宁省沈阳经济技术开发区十三号路17甲5号,3106,仅定位至城市，县区待核,,
辽宁轻工职业学院,辽宁省大连市金普新区金港路288号,3105,仅定位至城市，县区待核,,
平顶山职业技术学院,新校区：河南省平顶山市城乡一体化示范区长安大道西段（郑万高铁平顶山站西侧）,3098,仅定位至城市，县区待核,,
陕西艺术职业学院,文艺南路校区：陕西省西安市文艺南路111号,3097,仅定位至城市，县区待核,,
泰州学院,济川校区：江苏省泰州市济川东路93号,3094,仅定位至城市，县区待核,,
徐州幼儿师范高等专科学校,洞山校区：江苏徐州经济技术开发区桃园路6号,3089,仅定位至城市，县区待核,,
徐州幼儿师范高等专科学校,碧螺校区：徐州经济技术开发区洞山路17号,3089,仅定位至城市，县区待核,,
哈尔滨传媒职业学院,二校区：哈尔滨市松花路88号,3083,仅定位至城市，县区待核,,
重庆科技职业学院,双桥校区：重庆市双桥经济技术开发区天星大道25号,3075,仅定位至城市，县区待核,,
河南牧业经济学院,龙子湖校区：河南省郑州市郑东新区龙子湖北路6号,3073,仅定位至城市，县区待核,,
河南信息统计职业学院,白沙校区：郑州市郑东新区金龙路276号,3068,仅定位至城市，县区待核,,
河南水利与环境职业学院,航空港校区：郑州航空港经济综合实验区双鹤湖片区梅河路与工业十一路交汇处,3067,仅定位至城市，县区待核,,
沈阳北软信息职业技术学院,辽宁省沈阳市沈北路53号,3063,仅定位至城市，县区待核,,
营口理工学院,辽宁省营口市博文路46号,3061,仅定位至城市，县区待核,,
河南护理职业学院,中华路校区：河南省安阳市中华路480号,3040,仅定位至城市，县区待核,,
河南护理职业学院,安漳路校区：河南省安阳市盘庚街67号,3040,仅定位至城市，县区待核,,
郑州黄河护理职业学院,高新校区：郑州市高新技术产业开发区西四环路200号,3036,仅定位至城市，县区待核,,
郑州幼儿师范高等专科学校,象湖校区：郑州市郑东新区郑开大道66号,3035,仅定位至城市，县区待核,,
福建幼儿师范高等专科学校,白马校区：福建省福州市白马北路勺园里49号,2970,仅定位至城市，县区待核,,
山东财经大学燕山学院,山东省济南市莱芜高新技术产业开发区山财大街5号,2966,仅定位至城市，县区待核,,
甘肃有色冶金职业技术学院,甘肃省金昌市天津路101号,2952,仅定位至城市，县区待核,,
湖北体育职业学院,湖北省武汉市东湖新技术开发区高新大道333号,2949,仅定位至城市，县区待核,,
广东创新科技职业学院,广东省东莞市厚街镇教育园区学府路,2946,仅定位至城市，县区待核,,
阿拉善职业技术学院,巴彦浩特校区：阿拉善盟阿左旗巴彦浩特镇西城区西花园北街10号,2936,仅定位至城市，县区待核,,
阿拉善职业技术学院,乌斯太校区：阿拉善盟高新技术产业开发区贺兰新区,2936,仅定位至城市，县区待核,,
洛阳职业技术学院,伊滨校区：河南省洛阳市伊滨区科技大道6号,2931,仅定位至城市，县区待核,,
山东海事职业学院,南区：潍坊市滨海经济技术开发区科教创新园区智慧南二街1000号,2928,仅定位至城市，县区待核,,
山东海事职业学院,北区：潍坊滨海经济技术开发区智慧北二街00999号,2928,仅定位至城市，县区待核,,
天门职业学院,湖北省天门市学院路特1号,2927,第三方档案县区代码（非官网核验）,,
安徽扬子职业技术学院,安徽省芜湖市三山区浮山路68号,2923,仅定位至城市，县区待核,,
四川电影电视学院,安仁校区：四川省成都市安仁镇金山路188号,2917,仅定位至城市，县区待核,,
鹤壁汽车工程职业学院,淇滨校区：河南省鹤壁市职教园区,2914,仅定位至城市，县区待核,,
宁波幼儿师范高等专科学校,杭州湾校区：宁波市前湾新区金慈路316号,2905,仅定位至城市，县区待核,,
张家口学院,明湖校区：河北省张家口市经开区洋河新区景观大道北侧,2902,仅定位至城市，县区待核,,
南昌师范学院,昌北校区：江西省南昌市经济技术开发区瑞香路889号,2889,仅定位至城市，县区待核,,
江西服装学院,江西省南昌市向塘经济开发区丽湖中大道103号,2887,仅定位至城市，县区待核,,
赣州师范高等专科学校,江西省赣州市蓉江新区高校园区35号,2885,仅定位至城市，县区待核,,
成都师范学院,白果林校区：四川省成都市一环路西三段百寿路4号,2869,仅定位至城市，县区待核,,
山西卫生健康职业学院,双东校区：山西省太原市双塔寺街22号,2865,仅定位至城市，县区待核,,
运城护理职业学院,山西省运城市复旦西街2155号,2864,仅定位至城市，县区待核,,
河北资源环境职业技术学院,校本部：石家庄市中山西路901号,2859,仅定位至城市，县区待核,,
河北轨道运输职业技术学院,开发区校区：河北省石家庄市经济技术开发区赣江路9号,2858,仅定位至城市，县区待核,,
河北轨道运输职业技术学院,阿里山校区：石家庄市经济技术开发区阿里山大街18号,2858,仅定位至城市，县区待核,,
石家庄幼儿师范高等专科学校,河北省石家庄市鹿泉开发区御园路88号,2857,仅定位至城市，县区待核,,
廊坊卫生职业学院,河北省廊坊市经济开发区东方大学城四光路南,2854,仅定位至城市，县区待核,,
石家庄经济职业学院,高职校区：河北省石家庄市北郊107国道与常山西路交叉口47号,2853,仅定位至城市，县区待核,,
华北理工大学冀唐学院,河北省唐山市曹妃甸新城渤海大道21号,2847,仅定位至城市，县区待核,,
陕西服装工程学院,主校区：陕西省西安市西咸新区沣西新城同文路1号,2846,仅定位至城市，县区待核,,
山西工商学院,龙城校区：太原市坞城南路99号,2840,仅定位至城市，县区待核,,
山西工商学院,北格校区：太原市北格镇紫云路36号,2840,仅定位至城市，县区待核,,
安徽外国语学院,安徽省合肥市繁华大道（西）2号,2839,仅定位至城市，县区待核,,
山东协和学院,遥墙校区：山东省济南市高新区临港街道温泉路5688号,2837,仅定位至城市，县区待核,,
广东科技学院,南城校区：广东省东莞市南城区西湖路99号,2835,仅定位至城市，县区待核,,
广东科技学院,松山湖校区：广东省东莞市松山湖高新技术产业开发区东园大道松山湖段2号,2835,仅定位至城市，县区待核,,
东莞职业技术学院,松山湖校区：东莞市松山湖高新技术产业开发区大学路3号,2684,仅定位至城市，县区待核,,
东莞职业技术学院,道滘校区：广东省东莞市道滘镇粤晖路3号,2684,仅定位至城市，县区待核,,
东莞职业技术学院,大岭山校区：广东省东莞市大岭山镇连平连马路183号,2684,仅定位至城市，县区待核,,
郑州信息工程职业学院,南校区：郑州市中原西路桃贾路19号,2677,仅定位至城市，县区待核,,
郑州理工职业学院,校本部：郑州市新郑龙湖大学城南107国道西侧,2676,仅定位至城市，县区待核,,
焦作工贸职业学院,沁阳校区：河南焦作沁阳香港街1号,2673,仅定位至城市，县区待核,,
焦作工贸职业学院,山阳校区：焦作市中原路南段1216号,2673,仅定位至城市，县区待核,,
河南艺术职业学院,新校区：河南省郑州市郑东新区郑开大道132号,2672,仅定位至城市，县区待核,,
河南应用技术职业学院,郑州校区：郑州市建设西路548号,2671,仅定位至城市，县区待核,,
河南应用技术职业学院,开封南院校区：开封市职教园区东京大道与第九大街交会处,2671,仅定位至城市，县区待核,,
河南应用技术职业学院,开封北院校区：开封市职教园区复兴大道与第七大街交会处,2671,仅定位至城市，县区待核,,
安徽汽车职业技术学院,紫云校区：安徽省合肥市经济技术开发区紫云路99号,2668,仅定位至城市，县区待核,,
安徽汽车职业技术学院,莲花校区：安徽省合肥经济技术开发区石门路518号,2668,仅定位至城市，县区待核,,
皖西卫生职业学院,主校区：安徽省六安市皋城中路406号,2664,仅定位至城市，县区待核,,
宿迁泽达职业技术学院,江苏省宿迁市湖滨新区学成路666号,2663,仅定位至城市，县区待核,,
苏州工业园区服务外包职业学院,苏州市工业园区科教创新区松涛街208号,2662,仅定位至城市，县区待核,,
呼伦贝尔职业技术学院,呼伦贝尔市中心城新区规划3道街,2649,仅定位至城市，县区待核,,
河南医学高等专科学校,南校区：河南省郑州市新郑龙湖镇双湖大道8号,2638,仅定位至城市，县区待核,,
北京交通运输职业学院,通州校区：通州梨园镇云景东路90号,2637,仅定位至城市，县区待核,,
新疆政法学院,新疆图木舒克市前海东街52号,2631,第三方档案县区代码（非官网核验）,,
南宁理工学院,南宁校区：广西南宁市广西-东盟经济技术开发区发展大道16号,2628,仅定位至城市，县区待核,,
山东女子学院,玉函校区：中国山东济南市玉函路45号,2609,仅定位至城市，县区待核,,
山东女子学院,长清校区：山东省济南市长清大学科技园大学路2399号,2609,仅定位至城市，县区待核,,
福建江夏学院,福建省福州市溪源宫路2号,2606,仅定位至城市，县区待核,,
衢州学院,浙江省衢州市九华北大道78号,2604,仅定位至城市，县区待核,,
贵州工业职业技术大学,清镇校区：贵州清镇职教城将军石路3号,2567,仅定位至城市，县区待核,,
西安科技大学高新学院,陕西省西安市子午大道中段39号,2563,仅定位至城市，县区待核,,
南京邮电大学通达学院,江苏省扬州市润扬南路33号,2553,仅定位至城市，县区待核,,
江苏师范大学科文学院,潘安湖校区：江苏省徐州市潘安湖科教创新区学院路1号,2552,仅定位至城市，县区待核,,
扬州大学广陵学院,江苏省扬州市邗江南路199号,2551,仅定位至城市，县区待核,,
苏州大学应用技术学院,江苏省苏州市昆山周庄大学路1号,2549,仅定位至城市，县区待核,,
南京理工大学紫金学院,江苏省南京市仙林大学城文澜路89号,2541,仅定位至城市，县区待核,,
扬州职业技术大学,瘦西湖校区：江苏省扬州市翠岗路255号,2538,仅定位至城市，县区待核,,
黑龙江工程学院昆仑旅游学院,黑龙江省哈尔滨市哈同G221公路297号二龙山风景区,2536,仅定位至城市，县区待核,,
哈尔滨广厦学院,黑龙江省哈尔滨市利民开发区学院路1号,2534,仅定位至城市，县区待核,,
黑龙江工商学院,哈南校区：黑龙江省哈南工业新城崇文路9号,2532,仅定位至城市，县区待核,,
哈尔滨远东理工学院,黑龙江省哈尔滨市利民开发区学院路时代大街158号,2530,仅定位至城市，县区待核,,
滇池学院,校本部：云南省昆明市滇池国家旅游度假区红塔东路2号,2523,仅定位至城市，县区待核,,
滇池学院,杨林校区：云南省昆明市嵩明职教新城文轩路,2523,仅定位至城市，县区待核,,
滇池学院,阳宗海校区：云南省昆明市阳宗海风景名胜区汤池街道,2523,仅定位至城市，县区待核,,
聊城大学东昌学院,山东省聊城市北外环路266号,2519,仅定位至城市，县区待核,,
潍坊理工学院,中心校区：山东省潍坊市经济开发区民主街7777号,2518,仅定位至城市，县区待核,,
齐鲁理工学院,济南校区：山东省济南市经十东路3028号,2517,仅定位至城市，县区待核,,
山东理工职业学院,主校区：山东省济宁市太白湖新区济宁大道37号,2511,仅定位至城市，县区待核,,
枣庄职业学院,枣庄新城校区：枣庄市祁连山路2169号,2510,仅定位至城市，县区待核,,
山东传媒职业学院,章丘校区：山东省济南市经十东路8678号,2508,仅定位至城市，县区待核,,
山东传媒职业学院,文东校区：山东省济南市文化东路18号,2508,仅定位至城市，县区待核,,
德州职业技术学院,山东省德州市大学东路689号,2507,仅定位至城市，县区待核,,
烟台工程职业技术学院,山东省烟台市经济技术开发区珠江路92号,2506,仅定位至城市，县区待核,,
四川城市职业学院,成都校区：四川省成都市外东洪河中路351号,2505,仅定位至城市，县区待核,,
四川城市职业学院,眉山校区：四川省眉山市岷东新区岷东大道南段1号,2505,仅定位至城市，县区待核,,
四川现代职业学院,四川省成都市西南航空港华创路1号,2504,仅定位至城市，县区待核,,
西南财经大学天府学院,绵阳校区：四川省绵阳市科创园区园兴西街2号,2502,仅定位至城市，县区待核,,
四川文化艺术学院,绵阳校区：四川省绵阳市经开区机场东路83号,2500,仅定位至城市，县区待核,,
成都外国语学院,宜宾校区：四川省宜宾市临港经济技术开发区大学城路三段216号,2497,仅定位至城市，县区待核,,
成都文理学院,洪河校区：四川省成都市外东洪河中路351号,2496,仅定位至城市，县区待核,,
新疆职业大学,友好路校区：新疆乌鲁木齐市友好南路413号,2486,仅定位至城市，县区待核,,
东莞城市学院,广东省东莞市寮步镇文昌路1号,2483,仅定位至城市，县区待核,,
电子科技大学中山学院,广东省中山市石岐区学院路一号,2482,仅定位至城市，县区待核,,
湖南工程学院应用技术学院,湖南省湘潭市书院路17号,2477,仅定位至城市，县区待核,,
南华大学船山学院,湖南省衡阳市常胜西路28号,2473,仅定位至城市，县区待核,,
湖南生物机电职业技术学院,马坡岭校区：湖南省长沙市远大二路247号,2464,仅定位至城市，县区待核,,
湖北工程学院新技术学院,湖北省孝感市学院路158号,2460,仅定位至城市，县区待核,,
安阳学院,安阳校区：河南省安阳市中华路南段599号,2448,仅定位至城市，县区待核,,
驻马店职业技术学院,南校区：河南省驻马店市置地大道西段517号,2447,仅定位至城市，县区待核,,
驻马店职业技术学院,北校区：河南省驻马店市学院路和顺河路交叉口西北,2447,仅定位至城市，县区待核,,
新乡职业技术学院,校本部：河南省新乡经济技术开发区经三路6号,2446,仅定位至城市，县区待核,,
江西枫林涉外经贸职业学院,江西省赣江新区永修组团,2442,仅定位至城市，县区待核,,
南昌应用技术师范学院,九龙湖校区：江西省南昌市红谷滩新区明月山大道1599号,2438,仅定位至城市，县区待核,,
南昌医学院,象湖校区：江西省南昌市小蓝经济开发区汇仁大道689号,2434,仅定位至城市，县区待核,,
南昌航空大学科技学院,江西省南昌市赣江新区共青城市青年大道69号,2433,仅定位至城市，县区待核,,
南昌交通学院,黄家湖校区：江西省南昌市南昌经济技术开发区广兰大道899号,2430,仅定位至城市，县区待核,,
江西传媒职业学院,蒋巷校区：江西省南昌市蒋巷西大道266号,2426,仅定位至城市，县区待核,,
泉州轻工职业学院,福建省泉州市晋江博览大道,2422,仅定位至城市，县区待核,,
民办合肥滨湖职业技术学院,安徽省合肥市经济技术开发区方兴大道559号,2419,仅定位至城市，县区待核,,
合肥信息技术职业学院,安徽省合肥市大学城九龙路115号（安徽大学新校区西门南500米）,2418,仅定位至城市，县区待核,,
皖江工学院,霍里山校区：安徽省马鞍山市霍里山大道333号,2415,仅定位至城市，县区待核,,
皖江工学院,郑蒲港校区：安徽省马鞍山市郑蒲港新区河海中路666号,2415,仅定位至城市，县区待核,,
合肥城市学院,滨湖校区：安徽省合肥市黄麓科教园1号,2412,仅定位至城市，县区待核,,
合肥城市学院,北城校区：安徽省合肥市金岗大道88号,2412,仅定位至城市，县区待核,,
合肥经济学院,高教基地校区：安徽省合肥市新站区学府路1号,2407,仅定位至城市，县区待核,,
合肥经济学院,新桥校区：安徽省新站新桥国际产业园丰收大道22号,2407,仅定位至城市，县区待核,,
合肥经济学院,大学城校区：安徽省合肥市经济技术开发区合安路218号,2407,仅定位至城市，县区待核,,
徽商职业学院,紫蓬校区：安徽省合肥市紫蓬山森林大道,2404,仅定位至城市，县区待核,,
宁波财经学院,杭州湾校区：浙江省宁波市（慈溪）杭州湾新区博华路77号,2401,仅定位至城市，县区待核,,
上海财经大学浙江学院,浙江省金华市环城南路99号,2400,仅定位至城市，县区待核,,
温州商学院,浙江省温州市高教园区,2398,仅定位至城市，县区待核,,
中国计量大学现代科技学院,下沙校区：浙江省杭州市下沙高教园区学源街258号,2395,仅定位至城市，县区待核,,
浙江工商大学杭州商学院,桐庐校区：浙江杭州桐庐环城南路66号,2394,仅定位至城市，县区待核,,
温州理工学院,浙江省温州市经济技术开发区金海三道337号,2393,仅定位至城市，县区待核,,
杭州师范大学钱江学院,浙江省杭州市江干区下沙高教园区学林街16号,2390,仅定位至城市，县区待核,,
温州医科大学仁济学院,茶山校区：浙江省温州市茶山高教园区,2388,仅定位至城市，县区待核,,
杭州科技职业技术学院,高桥校区：浙江省杭州市富阳高科路198号,2378,仅定位至城市，县区待核,,
杭州科技职业技术学院,严州校区：浙江省杭州市建德梅城镇环城西路52号,2378,仅定位至城市，县区待核,,
梧州职业学院,广西壮族自治区梧州市三龙大道88号,2374,仅定位至城市，县区待核,,
南宁师范大学师园学院,明阳校区：广西壮族自治区南宁市明阳工业区明阳大道15号,2369,仅定位至城市，县区待核,,
广西幼儿师范高等专科学校,东盟校区：广西东盟经济技术开发区发展大道2号,2365,仅定位至城市，县区待核,,
广西民族师范学院,广西壮族自治区崇左市城南区佛子路23号,2364,仅定位至城市，县区待核,,
大连装备制造职业技术学院,辽宁省大连市金州新区大魏家街道魏兴路66号,2356,仅定位至城市，县区待核,,
大连艺术学院,校本部：辽宁省大连市金普新区同汇路19号,2353,仅定位至城市，县区待核,,
大连艺术学院,老校区：辽宁省大连市经济技术开发区东北大街92号,2353,仅定位至城市，县区待核,,
大连东软信息学院,博川校区：辽宁省大连市高新园区博川路8号,2351,仅定位至城市，县区待核,,
大连医科大学中山学院,辽宁省大连市高新区爱贤街28号,2348,仅定位至城市，县区待核,,
锦州医科大学医疗学院,松山校区：辽宁省锦州市高新技术产业园区昆明街2A号,2347,仅定位至城市，县区待核,,
锦州医科大学医疗学院,滨海校区：辽宁省锦州市经济技术开发区辽东大街10号,2347,仅定位至城市，县区待核,,
大连科技学院,辽宁省大连市旅顺经济开发区滨港路999-26号,2338,仅定位至城市，县区待核,,
辽宁建筑职业学院,南校区：辽宁省辽阳市南郊街11号,2334,仅定位至城市，县区待核,,
山西工学院,长宁校区：山西省朔州市开发区长宁街11号,2325,仅定位至城市，县区待核,,
朔州职业技术学院,山西省朔州市张辽南路紫金街1号,2323,仅定位至城市，县区待核,,
山西经贸职业学院,滨河校区：山西省太原市南内环西街1号,2322,仅定位至城市，县区待核,,
山西经贸职业学院,龙山校区：山西省太原市晋祠路三段629号,2322,仅定位至城市，县区待核,,
乌兰察布医学高等专科学校,内蒙古自治区乌兰察布市集宁新区满达东街11号,2317,仅定位至城市，县区待核,,
长春大学旅游学院,净月校区：吉林省长春市长春净月高新技术产业开发区福祉街道潭西社区福祉大路1595号,2315,仅定位至城市，县区待核,,
长春财经学院,吉林省长春市净月国家高新技术产业开发区擎天树街58号,2314,仅定位至城市，县区待核,,
长春光华学院,武汉路校区：吉林省长春市经济技术开发区武汉路3555号,2313,仅定位至城市，县区待核,,
长春光华学院,合肥路校区：吉林省长春市长春经济技术开发区合肥路与富阳街交汇处东,2313,仅定位至城市，县区待核,,
石家庄理工职业学院,鹿泉校区：河北省石家庄市中山西路石柏南大街178号,2311,仅定位至城市，县区待核,,
石家庄人民医学高等专科学校,南校区：石家庄市红旗大街汇丰路18号,2309,仅定位至城市，县区待核,,
石家庄人民医学高等专科学校,北校区：石家庄市正定树林北路188号,2309,仅定位至城市，县区待核,,
沧州幼儿师范高等专科学校,沧州校区：河北省沧州市解放东路155号,2307,仅定位至城市，县区待核,,
河北对外经贸职业学院,河北省秦皇岛市北戴河新区戴河大街6号,2305,仅定位至城市，县区待核,,
天津天狮学院,翠亨路校区：天津市武清开发区翠亨路128号,2304,仅定位至城市，县区待核,,
天津天狮学院,泉州路校区：天津市武清开发区泉州路11号,2304,仅定位至城市，县区待核,,
天津理工大学中环信息学院,海河园院区：天津海河教育园区雅深路6号,2302,仅定位至城市，县区待核,,
三亚航空旅游职业学院,海南省三亚市凤凰路218号,2293,仅定位至城市，县区待核,,
海南外国语职业学院,海南省文昌市教育路178号,2291,第三方档案县区代码（非官网核验）,,
银川能源学院,滨河校区：宁夏银川市滨河新区国际科教城汉关路与星河街路口,2289,仅定位至城市，县区待核,,
贵州航天职业技术学院,新蒲大学城校区：贵州省遵义市新蒲新区平安大道,2268,仅定位至城市，县区待核,,
贵州警察学院,贵州省贵阳市双龙航空港经济区见龙洞路175号,2266,仅定位至城市，县区待核,,
西安高新科技职业学院,西安市西咸新区泾河新城,2264,仅定位至城市，县区待核,,
西安城市建设职业学院,陕西省西安市高新区东大温泉大道002号,2263,仅定位至城市，县区待核,,
陕西旅游烹饪职业学院,泾河新城校区：陕西省西安市西咸新区泾河新城陕旅大道,2258,仅定位至城市，县区待核,,
陕西国际商贸学院,陕西省西安市沣渭新区大学园统一西路35号,2255,仅定位至城市，县区待核,,
陕西科技大学镐京学院,陕西省西安市西咸新区沣西新城统一大道,2254,仅定位至城市，县区待核,,
西安建筑科技大学华清学院,幸福校区：陕西省西安市幸福南路109号,2253,仅定位至城市，县区待核,,
铜川职业技术学院,陕西省铜川市新区朝阳路8号,2250,仅定位至城市，县区待核,,
渭南职业技术学院,高新校区：陕西省渭南市高新区胜利大街西段科教园区,2248,仅定位至城市，县区待核,,
商洛职业技术学院,陕西省商洛市商鞅大道西段丹南新区,2245,仅定位至城市，县区待核,,
西安职业技术学院,辛家庙校区：陕西省西安市太元路99号,2244,仅定位至城市，县区待核,,
咸阳职业技术学院,陕西省咸阳市沣河新区统一大道,2243,仅定位至城市，县区待核,,
西安铁路职业技术学院,港务校区：陕西省西安国际港务区港务大道396号,2242,仅定位至城市，县区待核,,
陕西邮电职业技术学院,咸阳校区：陕西省咸阳市文林路中段,2241,仅定位至城市，县区待核,,
陕西铁路工程职业技术学院,临渭校区：陕西省渭南市站北街东段1号,2239,仅定位至城市，县区待核,,
陕西铁路工程职业技术学院,高新校区：陕西省渭南市高新区胜利大街西段,2239,仅定位至城市，县区待核,,
陕西财经职业技术学院,陕西省咸阳市文林路1号,2237,仅定位至城市，县区待核,,
陕西能源职业技术学院,咸阳校区：陕西省咸阳市文林路29号,2234,仅定位至城市，县区待核,,
陕西工业职业技术大学,渭城校区：陕西省咸阳市文汇西路12号,2232,仅定位至城市，县区待核,,
无锡太湖学院,江苏省无锡市钱荣路68号,2222,仅定位至城市，县区待核,,
江苏财经职业技术学院,江苏省淮安市高教园区枚乘东路8号,2219,仅定位至城市，县区待核,,
盐城工业职业技术学院,江苏省盐城市解放南路285号,2218,仅定位至城市，县区待核,,
无锡城市职业技术学院,南校区：无锡文良路45号,2216,仅定位至城市，县区待核,,
江阴职业技术学院,江苏省无锡市江阴锡澄路168号,2215,仅定位至城市，县区待核,,
宿迁职业技术学院,江苏省宿迁市湖滨新城合欢路8号,2213,仅定位至城市，县区待核,,
苏州工业园区职业技术学院,江苏省苏州市工业园区独墅湖科教创新区若水路1号,2211,仅定位至城市，县区待核,,
连云港职业技术学院,江苏省连云港市晨光路2号,2203,仅定位至城市，县区待核,,
苏州工艺美术职业技术学院,江苏省苏州市吴中大道国际教育园南区致能大道189号,2202,仅定位至城市，县区待核,,
镇江市高等专科学校,校本部：江苏省镇江市高校园区长香西大道518号,2201,仅定位至城市，县区待核,,
黑龙江交通职业技术学院,哈尔滨校区：黑龙江省哈尔滨新区（江北大学城）学院路88号,2195,仅定位至城市，县区待核,,
黑龙江公安警官职业学院,黑龙江省哈尔滨市呼兰利民开发区学院路333号,2193,仅定位至城市，县区待核,,
齐齐哈尔高等师范专科学校,黑龙江省齐齐哈尔市民航路566号,2190,仅定位至城市，县区待核,,
昆明艺术职业学院,高新校区：昆明国家高新技术产业开发区——昆明新城区高新技术产业基地,2186,仅定位至城市，县区待核,,
云南工商学院,云南省昆明市嵩明职教新城,2185,仅定位至城市，县区待核,,
昆明文理学院,杨林校区：云南省昆明市嵩明职教新城文海路1号,2181,仅定位至城市，县区待核,,
云南林业职业技术学院,石林校区：云南省昆明市石林县环城东路,2179,仅定位至城市，县区待核,,
云南机电职业技术学院,杨林校区：昆明市嵩明职教新城文苑路1号,2178,仅定位至城市，县区待核,,
云南国防工业职业技术学院,学府校区：云南省昆明市学府路113号,2177,仅定位至城市，县区待核,,
云南能源职业技术学院,麒麟校区：云南省曲靖市职教园区文苑北路,2175,仅定位至城市，县区待核,,
云南体育运动职业技术学院,云南省昆明市海埂体院路3号,2172,仅定位至城市，县区待核,,
云南司法警官职业学院,昆明市空港经济区大板桥金盾苑1号,2170,仅定位至城市，县区待核,,
云南农业职业技术学院,茭菱校区：云南省昆明市茭菱路128号,2169,仅定位至城市，县区待核,,
云南交通职业技术大学,呈贡校区：云南省昆明市呈贡大学城万青路2056号,2167,仅定位至城市，县区待核,,
云南国土资源职业学院,经开校区：云南省经济技术开发区经牛路2号,2166,仅定位至城市，县区待核,,
昆明冶金职业大学,莲华校区：云南省昆明市学府路388号,2159,仅定位至城市，县区待核,,
普洱学院,云南省普洱市学苑路6号,2158,仅定位至城市，县区待核,,
青岛黄海学院,山东省青岛市西海岸新区灵海路1145号,2155,仅定位至城市，县区待核,,
山东华宇工学院,山东省德州市大学东路968号,2154,仅定位至城市，县区待核,,
山东外事职业大学,威海校区：山东省威海市乳山银滩AAAA旅游度假区,2148,仅定位至城市，县区待核,,
青岛恒星科技学院,山东省青岛市九水东路588号,2141,仅定位至城市，县区待核,,
德州科技职业学院,德州校区：山东省德州天衢新区马颊河路2499号,2140,仅定位至城市，县区待核,,
山东力明科技职业学院,泰安校区：山东省泰安高新区东天门大街999号,2139,仅定位至城市，县区待核,,
山东英才学院,主校区：山东省济南市高新区英才路2号,2133,仅定位至城市，县区待核,,
山东英才学院,北校区：山东省济南市济阳崔寨,2133,仅定位至城市，县区待核,,
山东司法警官职业学院,济南校区：山东省济南市二环东路6997号,2130,仅定位至城市，县区待核,,
山东城市建设职业学院,山东省济南市旅游路东首4657号,2128,仅定位至城市，县区待核,,
山东药品食品职业学院,威海校区：山东省威海市高技术产业开发区科技新城和兴路1510号,2126,仅定位至城市，县区待核,,
山东铝业职业学院,威海校区：山东省威海市南海新区金海路118号,2124,仅定位至城市，县区待核,,
山东旅游职业学院,山东省济南市经十东路3556号,2123,仅定位至城市，县区待核,,
山东电子职业技术学院,章丘校区：山东省济南市章丘大学城文化路888号,2122,仅定位至城市，县区待核,,
济南职业学院,舜耕校区：山东省济南市舜耕路12号,2120,仅定位至城市，县区待核,,
山东化工职业学院,山东省潍坊市滨海经济开发区汉江东一街03699号,2119,仅定位至城市，县区待核,,
山东工业职业学院,山东省淄博市高新区张北路69号,2118,仅定位至城市，县区待核,,
山东信息职业技术学院,滨海校区：山东省潍坊市滨海经济开发区智慧南二街588号,2114,仅定位至城市，县区待核,,
山东交通职业学院,潍坊校区：山东省潍坊市渤海路7369号,2111,仅定位至城市，县区待核,,
山东水利职业学院,山东省日照市学苑路677号,2109,仅定位至城市，县区待核,,
山东服装职业学院,山东省泰安市天烛峰路299号,2108,仅定位至城市，县区待核,,
潍坊职业学院,滨海校区：山东省潍坊市滨海经济技术开发区央子街道汉江东一街02999号,2103,仅定位至城市，县区待核,,
潍坊职业学院,奎文校区：山东省潍坊市东风东街8029号,2103,仅定位至城市，县区待核,,
莱芜职业技术学院,山东省济南市莱芜高新区山财大街1号,2101,仅定位至城市，县区待核,,
山东劳动职业技术学院,主校区：山东省济南市长清大学科技园区海棠路800号,2100,仅定位至城市，县区待核,,
山东劳动职业技术学院,槐荫校区：山东省济南市经十路23266号,2100,仅定位至城市，县区待核,,
威海职业学院,山东省威海市科技新城,2099,仅定位至城市，县区待核,,
淄博师范高等专科学校,山东省淄博市淄川经济开发区唐骏欧铃路99号,2095,仅定位至城市，县区待核,,
山东电力高等专科学校,校本部：山东省济南市二环南路500号,2094,仅定位至城市，县区待核,,
山东电力高等专科学校,泰安龙潭路校区：泰安市龙潭路179号,2094,仅定位至城市，县区待核,,
山东电力高等专科学校,泰安明堂路校区：泰安市明堂路9号,2094,仅定位至城市，县区待核,,
四川文化传媒职业学院,成都校区：四川省成都崇州崇庆南路230号,2092,仅定位至城市，县区待核,,
四川科技职业学院,天府校区：天府新区视高经济开发区花海大道大学路1号,2090,仅定位至城市，县区待核,,
四川科技职业学院,环天府校区：环天府新区天府大道陵州大学城1号,2090,仅定位至城市，县区待核,,
四川中医药高等专科学校,主校区：四川省绵阳市教育中路1号,2082,仅定位至城市，县区待核,,
重庆城市管理职业大学,大学城校区：重庆高新区虎溪大学城南二路151号,2080,仅定位至城市，县区待核,,
石河子职业技术大学,新疆维吾尔自治区石河子市北五路185号（石河子经济技术开发区）,2076,第三方档案县区代码（非官网核验）,,
巴音郭楞职业技术学院,校本部：新疆库尔勒经济技术开发区乐悟路36号,2075,仅定位至城市，县区待核,,
巴音郭楞职业技术学院,产教融合示范园校区： 新疆维吾尔自治区库尔勒经济技术开发区康盛路东四巷36号,2075,仅定位至城市，县区待核,,
新疆工程学院,南昌路校区：乌鲁木齐市南昌路236号,2066,仅定位至城市，县区待核,,
中山职业技术学院,广东省中山市东区博爱七路25号,2053,仅定位至城市，县区待核,,
广东轻工职业技术大学,南海校区：广东省佛山市南海软件科技园,2048,仅定位至城市，县区待核,,
湖南电子科技职业学院,东校区：湖南省长沙市浏阳经济开发区金阳大道3050号,2046,仅定位至城市，县区待核,,
湖南软件职业技术大学,和平校区（老校区）：湖南省湘潭市湘潭经济技术开发区开源路25号,2042,仅定位至城市，县区待核,,
湖南软件职业技术大学,九华校区（新校区）：湖南省湘潭市湘潭经济技术开发区湘江路15号,2042,仅定位至城市，县区待核,,
湖南信息学院,湖南省长沙市（星沙）经济技术开发区毛塘工业园,2038,仅定位至城市，县区待核,,
长沙电力职业技术学院,湖南省长沙市经济技术开发区盼盼路（泉塘）,2031,仅定位至城市，县区待核,,
湖南理工职业技术学院,湖南省湘潭市建设路口河东大道10号,2029,仅定位至城市，县区待核,,
益阳职业技术学院,校本部：湖南省益阳市迎风桥镇新塘村,2027,仅定位至城市，县区待核,,
湖南机电职业技术学院,湖南省长沙市万家丽北路一段359号,2016,仅定位至城市，县区待核,,
湖南艺术职业学院,湖南省长沙市经济开发区（星沙街道）特立东路719号,2015,仅定位至城市，县区待核,,
湖南网络工程职业学院,湖南省长沙市青园路168号,2005,仅定位至城市，县区待核,,
湖南工程职业技术学院,湖南省长沙市万家丽北路水渡河100号,2003,仅定位至城市，县区待核,,
湖南交通职业技术学院,湖南省长沙市黄兴镇湖南交通职业技术学院,2000,仅定位至城市，县区待核,,
湖南大众传媒职业技术学院,湖南省长沙市星沙经济技术开发区天华路322号,1996,仅定位至城市，县区待核,,
湖南女子学院,湖南省长沙市中意一路160号,1995,仅定位至城市，县区待核,,
湖南工业职业技术学院,湖南省长沙市湘江新区含浦中路80号,1993,仅定位至城市，县区待核,,
益阳医学高等专科学校,湖南省益阳市迎宾东路516号,1991,仅定位至城市，县区待核,,
长沙师范学院,南校区：湖南省长沙市星沙特立路9号,1990,仅定位至城市，县区待核,,
长沙师范学院,北校区：湖南省长沙市安沙万花园路9号,1990,仅定位至城市，县区待核,,
湖南医药学院,锦溪校区：湖南省怀化市锦溪南路492号,1987,仅定位至城市，县区待核,,
湖南医药学院,金海校区：湖南省怀化市怀东路,1987,仅定位至城市，县区待核,,
湖南警察学院,湖南省长沙市经济技术开发区远大三路九号,1986,仅定位至城市，县区待核,,
湖南财政经济学院,校本部：湖南省长沙市湘江新区枫林二路139号,1985,仅定位至城市，县区待核,,
湖南财政经济学院,雷锋校区：湖南省长沙市湘江新区雷锋街道黄桥大道,1985,仅定位至城市，县区待核,,
湖北科技职业学院,关山校区：湖北省武汉市东湖高新技术开发区软件园路2号,1982,仅定位至城市，县区待核,,
黄冈科技职业学院,遗爱湖校区：湖北省黄冈市东坡大道62号,1981,仅定位至城市，县区待核,,
武汉科技职业学院,湖北省武汉市徐东余家头铁机路特2号,1980,仅定位至城市，县区待核,,
武汉信息传播职业技术学院,湖北省武汉市光谷东湖高新技术开发区庙山科技园,1979,仅定位至城市，县区待核,,
武汉生物工程学院,湖北省武汉市武汉长江新区汉施路1号,1975,仅定位至城市，县区待核,,
武汉晴川学院,湖北省武汉市东湖高新技术开发区中华科技产业园玉屏大道9号,1974,仅定位至城市，县区待核,,
长江大学文理学院,湖北省荆州市学苑路33号,1972,仅定位至城市，县区待核,,
湖北商贸学院,咸宁校区：湖北省咸宁市高新区贺胜路508号,1966,仅定位至城市，县区待核,,
三峡电力职业学院,湖北省宜昌市绿萝路36号,1961,仅定位至城市，县区待核,,
江汉艺术职业学院,湖北省潜江市师范路16号,1957,第三方档案县区代码（非官网核验）,,
咸宁职业技术学院,湖北省咸宁市咸宁大道118号,1956,仅定位至城市，县区待核,,
武汉软件工程职业学院,光谷校区：湖北省武汉市东湖新技术开发区光谷大道117号,1952,仅定位至城市，县区待核,,
湖北轻工职业技术学院,湖北省武汉市洪山石牌岭东2路5号,1951,仅定位至城市，县区待核,,
仙桃职业学院,湖北省仙桃市纺织大道8号,1950,第三方档案县区代码（非官网核验）,,
湖北工业职业技术学院,湖北省十堰市北京中路38号,1946,仅定位至城市，县区待核,,
郑州电力职业技术学院,校本部：河南省郑州市新区商都大街东段1933号,1944,仅定位至城市，县区待核,,
郑州电力职业技术学院,祥符校区：河南省开封市产城融合示范区电力路1号,1944,仅定位至城市，县区待核,,
豫北医学院,平原校区：河南省新乡市平原示范区长江大道15号,1941,仅定位至城市，县区待核,,
豫北医学院,新乡校区：河南省新乡市向阳路东段688号,1941,仅定位至城市，县区待核,,
河南工业贸易职业学院,龙湖校区：河南省郑州市新郑龙湖大学城祥云路76号,1940,仅定位至城市，县区待核,,
郑州职业技术学院,河南省郑州市郑上路081号,1939,仅定位至城市，县区待核,,
河南农业职业学院,校本部：河南省郑州市中牟青年西路38号,1938,仅定位至城市，县区待核,,
河南农业职业学院,洛阳校区：河南省洛阳市启明西路2号,1938,仅定位至城市，县区待核,,
河南交通职业技术学院,南校区：河南省郑州市航海中路165号,1937,仅定位至城市，县区待核,,
河南交通职业技术学院,东校区：河南省郑州市郑东新区白沙职教园区通惠路259号,1937,仅定位至城市，县区待核,,
郑州信息科技职业学院,龙子湖校区：河南省郑州市郑东新区龙子湖北路36号,1932,仅定位至城市，县区待核,,
郑州信息科技职业学院,黄河路校区：河南省郑州市郑东新区黄河路124号,1932,仅定位至城市，县区待核,,
河南质量工程职业学院,校本部：河南省平顶山市姚电大道中段23号,1931,仅定位至城市，县区待核,,
河南检察职业学院,河南省郑州市新郑龙湖镇大学园区双湖大道一号,1930,仅定位至城市，县区待核,,
河南司法警官职业学院,河南省郑州市郑龙新区龙子湖高校园区,1929,仅定位至城市，县区待核,,
济源职业技术学院,沁园校区：河南省济源市济源大道中段88号,1928,仅定位至城市，县区待核,,
济源职业技术学院,高新校区：河南省济源市黄河大道东段677号,1928,仅定位至城市，县区待核,,
周口职业技术学院,开元校区：河南省周口市开元大道1号,1927,仅定位至城市，县区待核,,
周口职业技术学院,中州校区：河南省周口市中州大道北段455号,1927,仅定位至城市，县区待核,,
周口职业技术学院,文昌校区：河南省周口市文昌大道东段,1927,仅定位至城市，县区待核,,
焦作大学,南校区：河南省焦作市人民路3066号,1923,仅定位至城市，县区待核,,
焦作大学,北校区：河南省焦作市工业路458号,1923,仅定位至城市，县区待核,,
郑州工程技术学院,航海校区：河南省郑州市京广南路1号,1922,仅定位至城市，县区待核,,
郑州工程技术学院,龙子湖校区：河南省郑州市郑东新区王新街9号,1922,仅定位至城市，县区待核,,
焦作师范高等专科学校,山阳路校区：河南省焦作市山阳路998号,1921,仅定位至城市，县区待核,,
河南财政金融学院,龙子湖校区：河南省郑州市郑东新区龙子湖北路22号,1920,仅定位至城市，县区待核,,
河南财政金融学院,象湖校区：河南省郑州市郑东新区郑开大道76号,1920,仅定位至城市，县区待核,,
西藏职业技术学院,西校区：西藏自治区拉萨市金珠中路金农巷5号,1918,仅定位至城市，县区待核,,
西藏职业技术学院,北校区：西藏自治区拉萨市夺底路34号,1918,仅定位至城市，县区待核,,
西藏警官高等专科学校,西藏自治区拉萨市夺底路68号,1916,仅定位至城市，县区待核,,
福州理工学院,连江校区：福建省福州市连江西江滨大道8号,1913,仅定位至城市，县区待核,,
泉州华光职业学院,台商校区：福建省泉州市台商投资区洛阳大道489号,1912,仅定位至城市，县区待核,,
厦门东海职业技术学院,福建省厦门市同安文教区五显中路280号,1906,仅定位至城市，县区待核,,
漳州科技职业学院,福建省漳州市国道324线 （厦深高铁漳浦站）旁,1905,仅定位至城市，县区待核,,
厦门南洋职业学院,福建省厦门市翔安文教区洪钟大道5068号,1904,仅定位至城市，县区待核,,
厦门华厦学院,福建省厦门市集美文教区天马路288号,1897,仅定位至城市，县区待核,,
闽南理工学院,宝盖校区：福建省泉州市石狮宝盖风景区龙景路1号,1895,仅定位至城市，县区待核,,
闽南理工学院,蚶江校区：福建省泉州市石狮厝仔工业区,1895,仅定位至城市，县区待核,,
福建师范大学协和学院,福建省福州市闽侯上街大学城学府南路68号,1890,仅定位至城市，县区待核,,
阳光学院,校本部：福建省福州市经济技术开发区登龙路99号,1889,仅定位至城市，县区待核,,
厦门大学嘉庚学院,建漳州招商局经济技术开发区厦门大学漳州校区嘉庚学院,1888,仅定位至城市，县区待核,,
宁德职业技术学院,福建省宁德市福安福泰路232号,1884,仅定位至城市，县区待核,,
福建卫生职业技术学院,福建省福州市闽侯荆溪关口366号,1873,仅定位至城市，县区待核,,
福建信息职业技术学院,平潭校区：平潭综合实验区麒麟大道西段1号,1869,仅定位至城市，县区待核,,
福州职业技术大学,旗山校区：福建省福州市大学城联榕路8号,1867,仅定位至城市，县区待核,,
宁德师范学院,东侨校区：福建省宁德市东侨经济开发区学院路1号,1860,仅定位至城市，县区待核,,
阜阳科技职业学院,安徽省阜阳市清河西路99号,1854,仅定位至城市，县区待核,,
民办合肥财经职业学院,安徽省合肥市大学城方兴大道998号,1853,仅定位至城市，县区待核,,
安徽绿海商务职业学院,安徽省合肥市经济技术开发区合安路68号,1851,仅定位至城市，县区待核,,
合肥共达职业技术学院,安徽省合肥新站高新技术产业开发区九顶山路68号,1850,仅定位至城市，县区待核,,
安徽新华学院,安徽省合肥市高新区望江西路555号,1848,仅定位至城市，县区待核,,
安徽三联学院,主校区：安徽省合肥市经济技术开发区合安路47号,1847,仅定位至城市，县区待核,,
安徽工业职业技术学院,天井湖校区：安徽省铜陵市长江西路274号,1845,仅定位至城市，县区待核,,
安徽工业职业技术学院,西湖校区：安徽省铜陵市翠湖四路东段3999号,1845,仅定位至城市，县区待核,,
安徽新闻出版职业技术学院,安徽省合肥市经济技术开发区繁华大道220号（明珠广场东1公里）,1843,仅定位至城市，县区待核,,
安徽审计职业学院,方兴校区：安徽省合肥市经济技术开发区方兴大道509号,1842,仅定位至城市，县区待核,,
安徽林业职业技术学院,蜀山校区：安徽省合肥市玉兰大道99号,1841,仅定位至城市，县区待核,,
安徽林业职业技术学院,包河校区：安徽省合肥市徽州大道1070号,1841,仅定位至城市，县区待核,,
安徽国际商务职业学院,安徽省合肥市双凤开发区魏武路001号,1839,仅定位至城市，县区待核,,
安徽财贸职业学院,翡翠校区：安徽省合肥市翡翠路900号,1838,仅定位至城市，县区待核,,
安徽艺术职业学院,丹霞路校区：安徽省合肥市经济技术开发区丹霞路8号,1837,仅定位至城市，县区待核,,
安庆职业技术学院,安徽省安庆市天柱山东路99号,1836,仅定位至城市，县区待核,,
安徽国防科技职业学院,安徽省六安市梅山中路56号,1835,仅定位至城市，县区待核,,
亳州职业技术学院,安徽省亳州市药都路1625号,1834,仅定位至城市，县区待核,,
安徽中澳科技职业学院,新桥校区：安徽省新桥国际产业园迎宾大道199号,1833,仅定位至城市，县区待核,,
安徽工商职业学院,双凤校区：安徽省合肥市双凤经济开发区金宁路北16号,1832,仅定位至城市，县区待核,,
安徽城市管理职业学院,新站校区：合肥市新站高新区淮海大道300号,1830,仅定位至城市，县区待核,,
安徽城市管理职业学院,新桥校区：安徽省寿县新桥国际产业园迎宾大道与共建路西南侧,1830,仅定位至城市，县区待核,,
安徽城市管理职业学院,经开校区：安徽省合肥市经济技术开发区耕云路158号,1830,仅定位至城市，县区待核,,
安徽冶金科技职业学院,南校区：安徽省马鞍山市湖西南路555号,1829,仅定位至城市，县区待核,,
安徽广播影视职业技术学院,安徽省合肥市新站区文忠路与学府路交口,1827,仅定位至城市，县区待核,,
宣城职业技术学院,敬亭山校区：安徽省宣城市薰化路698号,1826,仅定位至城市，县区待核,,
池州职业技术学院,安徽省池州市建设西路389号,1825,仅定位至城市，县区待核,,
滁州职业技术学院,安徽省滁州市丰乐大道2188号,1824,仅定位至城市，县区待核,,
合肥职业技术学院,汇心湖校区：合肥市新站区岱河路2号,1823,仅定位至城市，县区待核,,
安徽交通职业技术学院,新桥校区：安徽省新桥国际产业园寿州大道16号,1821,仅定位至城市，县区待核,,
安徽电子信息职业技术学院,安徽省蚌埠市大学园区曹山路1000号,1820,仅定位至城市，县区待核,,
宿州职业技术学院,安徽省宿州市宿符路,1818,仅定位至城市，县区待核,,
安徽工业经济职业技术学院,安徽省合肥市祁门路66号,1815,仅定位至城市，县区待核,,
铜陵职业技术学院,安徽省铜陵市翠湖四路2689号,1812,仅定位至城市，县区待核,,
阜阳职业技术学院,安徽省阜阳市清河西路1066号,1811,仅定位至城市，县区待核,,
安徽水利水电职业技术学院,安徽省合肥市东门合马路18号,1810,仅定位至城市，县区待核,,
芜湖职业技术大学,文津校区：安徽省芜湖市文津西路201号,1807,仅定位至城市，县区待核,,
芜湖职业技术大学,银湖校区：安徽省芜湖市银湖北路62号,1807,仅定位至城市，县区待核,,
芜湖职业技术大学,白马校区：安徽省芜湖市长江南路与白马山路交汇处,1807,仅定位至城市，县区待核,,
安徽中医药高等专科学校,安徽省芜湖市乌霞山西路18号,1802,仅定位至城市，县区待核,,
合肥师范学院,三孝口校区：安徽省合肥市金寨路327号,1801,仅定位至城市，县区待核,,
合肥师范学院,滨湖校区：安徽省合肥市黄麓科教园区书香路,1801,仅定位至城市，县区待核,,
合肥师范学院,锦绣校区：安徽省合肥市经济技术开发区莲花路1688号,1801,仅定位至城市，县区待核,,
池州学院,安徽省池州市教育园区,1800,仅定位至城市，县区待核,,
浙江育英职业技术学院,浙江省杭州市经济技术开发区（下沙高教园区）4号大街16号,1793,仅定位至城市，县区待核,,
浙江国际海运职业技术学院,新城校区：浙江省舟山市临城新区海天大道268号,1789,仅定位至城市，县区待核,,
宁波卫生职业技术学院,浙江省宁波市高教园区（南区）学府路51号,1787,仅定位至城市，县区待核,,
浙江邮电职业技术学院,绍兴校区：浙江省绍兴市滨海新城开元东路88号,1786,仅定位至城市，县区待核,,
嘉兴职业技术学院,浙江省嘉兴市桐乡大道547号,1781,仅定位至城市，县区待核,,
浙江工业职业技术学院,梅山校区：浙江省绍兴市曲屯路151号,1779,仅定位至城市，县区待核,,
浙江工业职业技术学院,镜湖校区：浙江省绍兴市站前大道2685号,1779,仅定位至城市，县区待核,,
浙江旅游职业学院,杭州校区：浙江省杭州市萧山高教园区耕文路399号,1777,仅定位至城市，县区待核,,
浙江工贸职业技术学院,瓯江口校区：浙江省温州市瓯江口产业集聚区雁云路301号,1774,仅定位至城市，县区待核,,
浙江交通职业技术学院,杭州校区：浙江省杭州市古墩路1516号,1769,仅定位至城市，县区待核,,
浙江交通职业技术学院,长兴校区：浙江省湖州市林城镇新林北路39号,1769,仅定位至城市，县区待核,,
温州职业技术大学,高教园区校区：浙江省温州市茶山高教园区（温州大学城）,1768,仅定位至城市，县区待核,,
宁波职业技术大学,本部校区：浙江省宁波经济技术开发区庐山东路388号,1767,仅定位至城市，县区待核,,
浙江药科职业大学,鄞州校区：浙江省宁波市鄞县大道东段888号,1765,仅定位至城市，县区待核,,
浙江警察学院,临安校区：浙江省杭州市临安锦北街道农林大路2559号,1763,仅定位至城市，县区待核,,
北海艺术设计学院,广西壮族自治区北海市新世纪大道1号,1758,仅定位至城市，县区待核,,
广西城市职业大学,空港校区：广西壮族自治区南宁空港经济区同正大道655号,1756,仅定位至城市，县区待核,,
百色职业学院,第一校区：百色市城东路群来坡巷161号,1754,仅定位至城市，县区待核,,
广西电力职业技术学院,科园校区：广西壮族自治区南宁市科园大道39号,1752,仅定位至城市，县区待核,,
广西农业职业技术大学,西校区：广西壮族自治区南宁市大学东路176号,1744,仅定位至城市，县区待核,,
广西农业职业技术大学,东校区：广西南宁市邕武路24号,1744,仅定位至城市，县区待核,,
广西国际商务职业技术学院,大学路校区：广西壮族自治区南宁市大学东路168号,1743,仅定位至城市，县区待核,,
广西国际商务职业技术学院,东盟经开区校区：广西壮族自治区南宁市东盟经济技术开发区发展大道109号,1743,仅定位至城市，县区待核,,
广西工业职业技术学院,一校区：广西壮族自治区南宁市秀灵路37号,1742,仅定位至城市，县区待核,,
广西工业职业技术学院,二校区：广西贵港市桂林路1118号,1742,仅定位至城市，县区待核,,
广西机电职业技术学院,相思湖校区：广西南宁市大学东路101号,1735,仅定位至城市，县区待核,,
桂林航天工业学院,广西壮族自治区桂林市金鸡路2号,1731,仅定位至城市，县区待核,,
广西科技师范学院,来宾校区：广西壮族自治区来宾市铁北大道966号,1729,仅定位至城市，县区待核,,
甘肃钢铁职业技术学院,东湖校区：甘肃省嘉峪关市体育大道2222号,1723,仅定位至城市，县区待核,,
甘肃钢铁职业技术学院,兰新校区：甘肃省嘉峪关市五一南路3号,1723,仅定位至城市，县区待核,,
甘肃交通职业技术学院,校本部：甘肃省兰州市兰州新区贺兰山大道北段615号,1719,仅定位至城市，县区待核,,
兰州石化职业技术大学,新区校区：甘肃省兰州新区贺兰山大道北段1169号,1710,仅定位至城市，县区待核,,
兰州工业学院,兰州新区校区：兰州市兰州新区长江大道东段1942号,1707,仅定位至城市，县区待核,,
辽宁理工职业大学,北校区：辽宁省锦州市滨海新区昆山路9号,1702,仅定位至城市，县区待核,,
辽宁理工职业大学,南校区：辽宁省锦州市经济技术开发区西海路东段二号,1702,仅定位至城市，县区待核,,
辽宁石化职业技术学院,古塔校区：辽宁省锦州市北京路二段四号,1692,仅定位至城市，县区待核,,
盘锦职业技术学院,辽宁省盘锦市辽滨沿海经济技术开发区正邦路999号,1682,仅定位至城市，县区待核,,
铁岭师范高等专科学校,辽宁省铁岭市凡河新区黑龙江路45号,1674,仅定位至城市，县区待核,,
锦州师范高等专科学校,滨海新校区：辽宁省锦州市经济技术开发区金山大街18号,1673,仅定位至城市，县区待核,,
山西华澳商贸职业学院,山西省晋中市榆次工业园区创业街838号,1670,仅定位至城市，县区待核,,
山西应用科技学院,太谷校区：山西省晋中市太谷县南寺街5号,1669,仅定位至城市，县区待核,,
山西运城农业职业技术学院,山西省运城市红旗东街46号,1664,仅定位至城市，县区待核,,
山西电力职业技术学院,山西省太原市晋祠路三段160号,1661,仅定位至城市，县区待核,,
山西警官职业学院,分校区：山西省太原市坞城路109号,1655,仅定位至城市，县区待核,,
山西工程技术学院,山西省阳泉市开发区学院路1号,1650,仅定位至城市，县区待核,,
山西水利职业技术学院,运城校区：山西省运城市安邑庙风西路34号,1649,仅定位至城市，县区待核,,
山西财贸职业技术学院,山西省太原市武宿民航南路26号,1648,仅定位至城市，县区待核,,
长治职业技术学院,北校区：山西省长治市捉马东大街51号,1643,仅定位至城市，县区待核,,
长治职业技术学院,南校区：山西省长治市太行欢乐谷东侧,1643,仅定位至城市，县区待核,,
太原学院,汾东校区：山西省太原市唐槐产业园区汾东大街7号,1642,仅定位至城市，县区待核,,
太原学院,滨河校区：山西省太原市南内环街南二巷6号,1642,仅定位至城市，县区待核,,
太原学院,府东校区：山西省太原市杏花岭街2号,1642,仅定位至城市，县区待核,,
运城幼儿师范高等专科学校,山西省运城市空港南区裴相路855号,1641,仅定位至城市，县区待核,,
内蒙古丰州职业学院,校本部：内蒙古自治区呼和浩特市兴安南路59号,1637,仅定位至城市，县区待核,,
内蒙古北方职业技术学院,内蒙古自治区呼和浩特市大学城,1636,仅定位至城市，县区待核,,
内蒙古科技职业学院,内蒙古自治区呼和浩特市机场高速路44号,1633,仅定位至城市，县区待核,,
包头钢铁职业技术学院,白云鄂博分校区：内蒙古自治区包头市白云区通阳道3号,1631,仅定位至城市，县区待核,,
科尔沁艺术职业学院,内蒙古自治区通辽经济开发区辽河大街东段,1630,仅定位至城市，县区待核,,
内蒙古警察学院,和林格尔校区：内蒙古自治区呼和浩特市和林格尔新区金盛路与云港大道交汇处,1629,仅定位至城市，县区待核,,
长春信息技术职业学院,卓越校区：吉林省长春市高新区卓越大街881号,1623,仅定位至城市，县区待核,,
长春信息技术职业学院,宜居路校区：吉林省长春市长春高新技术产业开发区硅谷街道宜居社区卓越大街3666号,1623,仅定位至城市，县区待核,,
长春人文学院,东校区：吉林省长春市净月高新技术产业开发区博硕路1488号,1621,仅定位至城市，县区待核,,
长春职业技术大学,卫星校区：吉林省长春市长春经济技术开发区临河街道北海社区卫星路3278号,1616,仅定位至城市，县区待核,,
长春职业技术大学,世纪校区：吉林省长春市长春经济技术开发区世纪街道红星社区净月大街289号,1616,仅定位至城市，县区待核,,
吉林司法警官职业学院,吉林省长春市合隆经济开发区景苑路1号,1612,仅定位至城市，县区待核,,
吉林交通职业技术学院,校本部：吉林省长春市高新区电台街63号,1611,仅定位至城市，县区待核,,
白城医学高等专科学校,吉林省白城市棉纺路27号,1608,仅定位至城市，县区待核,,
长春医学高等专科学校,吉林省长春市吉林大路6177号,1607,仅定位至城市，县区待核,,
吉林警察学院,净月校区：吉林省长春市长春净月高新技术产业开发区博硕街道博硕社区博硕路1399号,1606,仅定位至城市，县区待核,,
吉林工商学院,吉林省长春市九台经济开发区卡伦湖大街1666号,1604,仅定位至城市，县区待核,,
无锡商业职业技术学院,九龙校区：江苏省无锡市钱胡路809号,1589,仅定位至城市，县区待核,,
兰州外语职业学院,兰州新区：甘肃省兰州市新区职教园区长江大道888号,1588,仅定位至城市，县区待核,,
河北工程大学科信学院,河北省邯郸市光明南大街199号,1586,仅定位至城市，县区待核,,
燕山大学里仁学院,河北省秦皇岛市河北大街438号,1585,仅定位至城市，县区待核,,
河北农业大学现代科技学院,河北省沧州市中捷产业园区渤海路1号,1581,仅定位至城市，县区待核,,
石家庄铁道大学四方学院,西校区：河北省石家庄市中山路西北方大学园,1578,仅定位至城市，县区待核,,
河北经贸大学经济管理学院,河北省石家庄市红旗大街428号,1577,仅定位至城市，县区待核,,
河北医科大学临床学院,河北省石家庄市建华南大街309号,1576,仅定位至城市，县区待核,,
黔东南民族职业技术学院,万达校区：贵州省丹寨金钟经济开发区长兴大道北侧,1572,仅定位至城市，县区待核,,
遵义职业技术学院,新蒲校区：贵州省遵义市新蒲新区大学城长征大道,1562,仅定位至城市，县区待核,,
遵义职业技术学院,虾子校区：贵州省遵义市新蒲新区虾子镇文化西路57号,1562,仅定位至城市，县区待核,,
武汉设计工程学院,红安校区：湖北省红安经济开发区红安大道特9号,1557,仅定位至城市，县区待核,,
河南工业职业技术大学,孔明路校区：河南省南阳市杜诗路1666号,1547,仅定位至城市，县区待核,,
长春汽车职业技术大学,校本部：吉林省长春市新红旗大街1777号,1546,仅定位至城市，县区待核,,
长春汽车职业技术大学,前程校区：吉林省长春市长春汽车经济技术开发区前程街道富锋村委会心叶路1333号,1546,仅定位至城市，县区待核,,
昌吉职业技术学院,校本部：新疆维吾尔自治区昌吉高新技术产业开发区兴业大道8号,1541,仅定位至城市，县区待核,,
河北东方学院,主校区：河北省廊坊市开发区东方大学城一期圣陶路,1539,仅定位至城市，县区待核,,
河北东方学院,医学院校区：河北省廊坊市开发区东方大学城二期白居易道,1539,仅定位至城市，县区待核,,
河北东方学院,文物与艺术学院校区：河北省廊坊市开发区东方大学城一期圣陶路东,1539,仅定位至城市，县区待核,,
中原科技学院,许昌校区：河南省许昌市永昌东路266号,1530,仅定位至城市，县区待核,,
中原科技学院,郑州校区：河南省郑州市郑东新区郑开大道50号,1530,仅定位至城市，县区待核,,
乌兰察布职业学院,校本部：乌兰察布市集宁新区满达东街曙光南路一号,1524,仅定位至城市，县区待核,,
乌兰察布职业学院,平地泉校区：内蒙古自治区乌兰察布市察右前旗平地泉镇,1524,仅定位至城市，县区待核,,
开封大学,河南省开封市东京大道,1520,仅定位至城市，县区待核,,
亳州学院,南湖校区：安徽省亳州市高新技术产业开发区汤王大道2266号,1519,仅定位至城市，县区待核,,
亳州学院,文采校区：安徽省亳州市高新技术产业开发区文采路,1519,仅定位至城市，县区待核,,
河南城建学院,主校区：河南省平顶山市新城区龙翔大道,1518,仅定位至城市，县区待核,,
郑州工业应用技术学院,西校区：河南省郑州市新郑新村镇107国道路东,1512,仅定位至城市，县区待核,,
黎明职业大学,丰泽校区：福建省泉州市通港西街298号,1506,仅定位至城市，县区待核,,
荆楚理工学院,湖北荆门市象山大道33号,1505,仅定位至城市，县区待核,,
南阳医学高等专科学校,校本部：河南省南阳市雪枫西路1106号,1502,仅定位至城市，县区待核,,
重庆工程学院,双桥校区：重庆市双桥经济开发区西湖大道76号,1499,仅定位至城市，县区待核,,
重庆航天职业技术学院,两江校区：重庆市两江新区两江大道1000号,1481,仅定位至城市，县区待核,,
重庆移通学院,合川校区：重庆市合川大学城假日大道1号,1476,仅定位至城市，县区待核,,
江海职业技术学院,江苏省扬州市扬子江南路5号,1459,仅定位至城市，县区待核,,
陕西电子信息职业技术学院,陕西省西安市蓝田向阳19号,1454,仅定位至城市，县区待核,,
遵义医药高等专科学校,贵州省遵义市新蒲新区大学城平安北路8号,1451,仅定位至城市，县区待核,,
无锡职业技术大学,太湖校区：江苏省无锡市大学城高浪西路1600号,1435,仅定位至城市，县区待核,,
无锡职业技术大学,宜兴校区：江苏省无锡市宜兴环保科技工业园,1435,仅定位至城市，县区待核,,
武昌职业学院,湖北省武汉市江夏经济开发区藏龙岛办事处中洲大道98号,1433,仅定位至城市，县区待核,,
海南科技职业大学,云龙校区：海南省海口市云龙镇云定路118号,1432,仅定位至城市，县区待核,,
河南警察学院,校本部：河南省郑州市郑东新区龙子湖东路1号,1430,仅定位至城市，县区待核,,
河南警察学院,开封校区：河南省开封市开封市市辖区东京大道,1430,仅定位至城市，县区待核,,
安徽第二医学院,新桥校区：安徽省淮南市新桥国际产业园迎宾大道与寿州大道交口,1429,仅定位至城市，县区待核,,
晋城职业技术学院,凤台校区：晋城市凤台东街1658号,1428,仅定位至城市，县区待核,,
武汉商贸职业学院,武汉校区：湖北省武汉市东湖新技术开发区光谷二路225号,1424,仅定位至城市，县区待核,,
武汉商贸职业学院,红安校区：湖北省红安经济开发区金山大道18号,1424,仅定位至城市，县区待核,,
山西职业技术学院,榆次校区：山西省晋中市榆次工业园区兴业街6号,1420,仅定位至城市，县区待核,,
长春工业大学人文信息学院,校本部：吉林省长春净月国家高新技术产业开发区福祉大路1016号,1419,仅定位至城市，县区待核,,
长春工业大学人文信息学院,月北校区：吉林省长春市长春净月高新技术产业开发区福祉街道潭西社区福祉大路1299号,1419,仅定位至城市，县区待核,,
江苏航运职业技术学院,江苏省南通市经济技术开发区通盛大道185号,1418,仅定位至城市，县区待核,,
苏州经贸职业技术学院,江苏省苏州市国际教育园北区学府路287号,1412,仅定位至城市，县区待核,,
三门峡职业技术学院,灵凤湖校区：河南省三门峡市高新区学府路3号,1410,仅定位至城市，县区待核,,
长春建筑学院,高新校区：吉林省长春市长春高新技术产业开发区双德街道阳光社区火炬路1519号,1409,仅定位至城市，县区待核,,
河北师范大学汇华学院,河北省石家庄市红旗大街469号,1408,仅定位至城市，县区待核,,
马鞍山职业技术学院,安徽省马鞍山市霍里山中路328号,1407,仅定位至城市，县区待核,,
北京中医药大学东方学院,廊坊校区：河北省廊坊市东方大学城教学南区,1401,仅定位至城市，县区待核,,
北京中医药大学东方学院,渤海校区：河北省沧州市渤海新区中捷产业园区渤海3号路东段,1401,仅定位至城市，县区待核,,
内蒙古机电职业技术学院,赛罕校区：内蒙古自治区呼和浩特市大学城学府路1号,1394,仅定位至城市，县区待核,,
新疆建设职业技术学院,建工校区：乌鲁木齐市西八家户路528号,1392,仅定位至城市，县区待核,,
新疆建设职业技术学院,城建校区：乌鲁木齐市杭州西街272号,1392,仅定位至城市，县区待核,,
新疆建设职业技术学院,建材校区：乌鲁木齐市河滩北路863号,1392,仅定位至城市，县区待核,,
海南软件职业技术学院,海南省琼海市富海路128号,1390,第三方档案县区代码（非官网核验）,,
苏州卫生职业技术学院,石湖校区：江苏省苏州市国际教育园北区科华路28号,1388,仅定位至城市，县区待核,,
陕西交通职业技术学院,文景校区：陕西省西安市文景路19号,1383,仅定位至城市，县区待核,,
陕西交通职业技术学院,自强校区：陕西省西安市自强西路289号,1383,仅定位至城市，县区待核,,
广西艺术学院,相思湖校区：广西壮族自治区南宁市乡塘区罗文大道8号,1374,仅定位至城市，县区待核,,
吉林动画学院,吉林省长春市高新区博识路168号,1373,仅定位至城市，县区待核,,
南京交通职业技术学院,江苏省南京市江宁科学园龙眠大道629号,1370,仅定位至城市，县区待核,,
聊城职业技术学院,南校区：山东省聊城市花园北路133号,1369,仅定位至城市，县区待核,,
苏州工业职业技术学院,江苏省苏州市吴中大道（越湖路）国际教育园致能大道1号,1359,仅定位至城市，县区待核,,
湖北第二师范学院,湖北省武汉市东湖新技术开发区高新二路129号,1356,仅定位至城市，县区待核,,
浙江机电职业技术大学,滨江校区：浙江省杭州市滨江高教园滨文路528号,1355,仅定位至城市，县区待核,,
浙江建设职业技术学院,杭州萧山校区：浙江省杭州市萧山高教园区学知路151号,1349,仅定位至城市，县区待核,,
湖州职业技术学院,浙江省湖州市学府路299号,1345,仅定位至城市，县区待核,,
西交利物浦大学,校本部：江苏省苏州市苏州工业园区独墅湖科教创新区仁爱路111号,1343,仅定位至城市，县区待核,,
日照职业技术大学,卧龙山校区：山东省日照市烟台北路16号,1336,仅定位至城市，县区待核,,
郑州旅游职业学院,主校区：河南省郑州市郑东新区金龙路188号,1334,仅定位至城市，县区待核,,
新疆农业职业技术大学,乌鲁木齐校区：新疆维吾尔自治区乌鲁木齐市喀什东路792号,1333,仅定位至城市，县区待核,,
江苏食品药品职业技术学院,江苏省淮安市高教园区枚乘路4号,1330,仅定位至城市，县区待核,,
黑龙江外国语学院,黑龙江省哈尔滨市利民开发区师大南路1号,1328,仅定位至城市，县区待核,,
河南工程学院,龙湖校区：河南省郑州市新郑龙湖祥和路1号,1323,仅定位至城市，县区待核,,
广州新华学院,东莞校区：广东省东莞市麻涌镇沿江西路248号,1285,仅定位至城市，县区待核,,
山东政法学院,校本部：山东省济南市解放东路63号,1279,仅定位至城市，县区待核,,
昆明医科大学海源学院,杨林校区：云南省昆明市嵩明职教新城文苑路1号,1277,仅定位至城市，县区待核,,
昆明医科大学海源学院,高新校区：云南省昆明市高新技术产业开发区海源北路389号,1277,仅定位至城市，县区待核,,
贺州学院,东校区：广西壮族自治区贺州市西约街169号,1259,仅定位至城市，县区待核,,
河北科技师范学院,开发区校区：河北省秦皇岛经济技术开发区秦皇西大街106号,1258,仅定位至城市，县区待核,,
长治学院,北校区：山西省长治市保宁门东街73号,1257,仅定位至城市，县区待核,,
长治学院,南校区：山西省长治市东环路中段96号,1257,仅定位至城市，县区待核,,
梧州学院,广西壮族自治区梧州市富民三路82号,1251,仅定位至城市，县区待核,,
龙岩学院,福建省龙岩市东肖北路1号,1250,仅定位至城市，县区待核,,
海南热带海洋学院,五指山校区：海南省五指山市泰翡路1号,1249,仅定位至城市，县区待核,,
青岛滨海学院,小珠山校区：山东省青岛市西海岸新区嘉陵江西路425号,1245,仅定位至城市，县区待核,,
青岛滨海学院,大珠山校区：山东省青岛市西海岸新区山川路1568号,1245,仅定位至城市，县区待核,,
济宁医学院,太白湖校区：山东省济宁市太白湖新区荷花路133号,1238,仅定位至城市，县区待核,,
宁波诺丁汉大学,浙江省宁波市泰康东路199号,1216,仅定位至城市，县区待核,,
安徽中医药大学,少荃湖校区：安徽省合肥市新站区龙子湖路350号,1196,仅定位至城市，县区待核,,
天津生物工程职业技术学院,主校区：天津市开发区西区南大街175号,1195,仅定位至城市，县区待核,,
无锡科技职业学院,江苏省无锡市新锡路8号,1191,仅定位至城市，县区待核,,
宁波工程学院,前湾校区：浙江省宁波市前湾新区滨海二路769号,1189,仅定位至城市，县区待核,,
苏州职业技术大学,石湖校区：江苏省苏州市国际教育园南区致能大道106号,1181,仅定位至城市，县区待核,,
苏州职业技术大学,干将路校区：江苏省苏州市干将西路1122号,1181,仅定位至城市，县区待核,,
宿州学院,教育园区校区：安徽省宿州市学府大道1769号,1180,仅定位至城市，县区待核,,
宿州学院,汴河路校区：安徽省宿州市汴河中路49号,1180,仅定位至城市，县区待核,,
成都轻工职业技术大学,犀浦校区：四川省成都市犀浦泰山南街186号,1177,仅定位至城市，县区待核,,
武汉城市学院,校本部：湖北省武汉市东湖生态旅游风景管理区黄家大湾1号,1176,仅定位至城市，县区待核,,
濮阳职业技术学院,河南省濮阳市经济技术开发区黄河西路249号,1172,仅定位至城市，县区待核,,
宿迁学院,江苏省宿迁市黄河南路399号,1170,仅定位至城市，县区待核,,
辽宁理工学院,松山校区：辽宁省锦州市高新技术产业园区昆明街2号,1166,仅定位至城市，县区待核,,
辽宁理工学院,滨海校区：辽宁省锦州市滨海新区金山大街二段3号,1166,仅定位至城市，县区待核,,
商丘工学院,长江路校区：河南省商丘市睢阳大道中段236号,1161,仅定位至城市，县区待核,,
商丘工学院,阳光路校区：河南省商丘市阳光路188号,1161,仅定位至城市，县区待核,,
武昌理工学院,湖北省武汉市江夏大道16号,1157,仅定位至城市，县区待核,,
郑州铁路职业技术大学,新校区：郑州市郑东新区通惠路298号,1156,仅定位至城市，县区待核,,
扬州工业职业技术学院,江苏省扬州市华扬西路199号扬子津科教园,1155,仅定位至城市，县区待核,,
内蒙古交通职业技术学院,内蒙古自治区赤峰市新城王府大街2号,1153,仅定位至城市，县区待核,,
郑州工商学院,郑州校区：河南省郑州市郑东新区前程大道169号,1148,仅定位至城市，县区待核,,
东南大学成贤学院,江苏省南京市江北新区东大路6号,1145,仅定位至城市，县区待核,,
南京理工大学泰州科技学院,江苏省泰州市梅兰东路8号,1143,仅定位至城市，县区待核,,
山东中医药大学,长清校区：山东省济南市长清大学科技园大学路4655号,1142,仅定位至城市，县区待核,,
电子科技大学成都学院,成都校区：四川省成都市高新西区百叶路1号,1131,仅定位至城市，县区待核,,
陕西航空职业技术学院,南郑校区：陕西省汉中市大河坎镇李家营（经济开发南区）,1128,仅定位至城市，县区待核,,
陕西青年职业学院,含光校区：陕西省西安市含光北路155号,1127,仅定位至城市，县区待核,,
三峡大学科技学院,校本部：湖北省宜昌市大学路18号,1124,仅定位至城市，县区待核,,
郑州经贸学院,主校区：河南省郑州市南龙湖宜居教育园区双湖大道2号,1114,仅定位至城市，县区待核,,
郑州经贸学院,北校区：河南省郑州市中原中路41号,1114,仅定位至城市，县区待核,,
长江职业学院,武汉新城校区：湖北省葛店经济开发区电商大道1号,1106,仅定位至城市，县区待核,,
商丘医学高等专科学校,河南省商丘市城乡一体化示范区迎宾路666号,1100,仅定位至城市，县区待核,,
武汉华夏理工学院,湖北省武汉市东湖新技术开发区关山大道589号,1099,仅定位至城市，县区待核,,
苏州百年职业学院,江苏省苏州市苏州工业园区仁爱路1号,1097,仅定位至城市，县区待核,,
塔里木大学,校本部：新疆维吾尔自治区阿拉尔市塔里木大道东1487号,1091,仅定位至城市，县区待核,,
塔里木大学,新校区（东扩区）：新疆维吾尔自治区阿拉尔市军垦大道与将军大街交叉口东440米,1091,仅定位至城市，县区待核,,
成都体育学院,东部新区校区：四川省成都市东部新区环湖北路1942号,1086,仅定位至城市，县区待核,,
乐山师范学院,四川省乐山市滨河路778号,1085,仅定位至城市，县区待核,,
宜宾学院,临港校区：四川省宜宾市临港经济技术开发区大学城路三段5号,1084,仅定位至城市，县区待核,,
绵阳师范学院,高新校区：四川省绵阳市高新区绵兴西路166号,1082,仅定位至城市，县区待核,,
文华学院,湖北省武汉市东湖高新技术开发区文华园路8号,1077,仅定位至城市，县区待核,,
江苏工程职业技术学院,崇川校区：江苏省南通市青年中路87号,1069,仅定位至城市，县区待核,,
江苏工程职业技术学院,海门校区：江苏省南通市海门港新区港西大道1118号,1069,仅定位至城市，县区待核,,
湖北城市建设职业技术学院,湖北省武汉市东湖高新技术开发区藏龙大道28号,1068,仅定位至城市，县区待核,,
辽宁科技学院,辽宁省本溪市高新技术产业开发区香槐路176号,1067,仅定位至城市，县区待核,,
哈尔滨师范大学,松北校区：黑龙江省哈尔滨市利民经济开发区师大路1号,1062,仅定位至城市，县区待核,,
湖北三峡职业技术大学,江北校区：湖北省宜昌市体育场路31号,1056,仅定位至城市，县区待核,,
湖北三峡职业技术大学,江南校区：湖北省宜昌市点军大道56号,1056,仅定位至城市，县区待核,,
江苏农牧科技职业学院,凤凰路校区：江苏省泰州市凤凰东路8号,1051,仅定位至城市，县区待核,,
河南职业技术学院,郑州市郑东新区龙子湖高校园区平安大道210号,1050,仅定位至城市，县区待核,,
吉林医药学院,吉林省吉林市吉林大街5号,1047,仅定位至城市，县区待核,,
广西财经学院,相思湖校区：广西壮族自治区南宁市大学西路189号,1046,仅定位至城市，县区待核,,
广西财经学院,明秀校区：广西壮族自治区南宁市明秀西路100号,1046,仅定位至城市，县区待核,,
昆明学院,校本部：云南省昆明市昆明国家经济技术开发区浦新路2号,1044,仅定位至城市，县区待核,,
重庆文理学院,星湖校区：重庆市永川卫星湖文化旅游区,1038,仅定位至城市，县区待核,,
广西中医药大学,仙葫校区：广西壮族自治区南宁市五合大道13号,1034,仅定位至城市，县区待核,,
广西中医药大学,明秀校区：广西壮族自治区南宁市明秀东路179号,1034,仅定位至城市，县区待核,,
右江民族医学院,校本部：广西壮族自治区百色市城乡路98号,1033,仅定位至城市，县区待核,,
广东金融学院,肇庆校区：广东省肇庆市星湖石牌,1031,仅定位至城市，县区待核,,
湖北理工学院,湖北省黄石市桂林北路16号,1026,仅定位至城市，县区待核,,
安庆师范大学,菱湖校区：安徽省安庆市菱湖南路128号,1024,仅定位至城市，县区待核,,
安庆师范大学,龙山校区：安徽省安庆市集贤北路1318号,1024,仅定位至城市，县区待核,,
福建中医药大学,屏山校区：福建省福州市五四路282号,1021,仅定位至城市，县区待核,,
福建医科大学,旗山校区：福建省福州市大学新区学府北路1号,1020,仅定位至城市，县区待核,,
福建医科大学,乌山校区：福建省福州市交通路88号,1020,仅定位至城市，县区待核,,
重庆交通大学,科学城校区：重庆市双福新区福星大道1号,1018,仅定位至城市，县区待核,,
长沙南方职业学院,方舟校区：湖南省长沙市湘江新区金山桥培文路,1017,仅定位至城市，县区待核,,
随州职业技术学院,湖北省随州市迎宾大道38号,1015,仅定位至城市，县区待核,,
吉林农业科技学院,九站校区：吉林省吉林市吉林经济技术开发区翰林路77号,1014,仅定位至城市，县区待核,,
广东理工职业学院,中山校区：广东省中山市五桂山区丹桂路3号,992,仅定位至城市，县区待核,,
广州华立科技职业学院,云浮校区：广东省云浮市西江新城云祥大道53号,990,仅定位至城市，县区待核,,
广东工商职业技术大学,大旺校区：广东省肇庆市大旺高新产业开发区荔园街3号,976,仅定位至城市，县区待核,,
肇庆医学院,新区校区：广东省肇庆市肇庆新区丰乐路12号,968,仅定位至城市，县区待核,,
江西环境工程职业学院,江西省赣州市经开区东江源大道555号,959,仅定位至城市，县区待核,,
江西工程学院,天工校区：江西省新余市天工南大道1688号,957,仅定位至城市，县区待核,,
江西工程学院,仙来校区：江西省新余市仙来西大道859号,957,仅定位至城市，县区待核,,
江西工程学院,仙女湖校区：江西省新余市仙女湖大道2828号,957,仅定位至城市，县区待核,,
江西工业工程职业技术学院,江西省萍乡市经济开发区玉湖东路106号,956,仅定位至城市，县区待核,,
江西建设职业技术学院,小蓝校区：江西省南昌小蓝经济开发区汇仁大道999号,955,仅定位至城市，县区待核,,
江西建设职业技术学院,红谷滩校区：江西省南昌市昌北庐山南大道1659号,955,仅定位至城市，县区待核,,
江西建设职业技术学院,经开校区：江西省南昌市经济技术开发区黄家湖西路1588号,955,仅定位至城市，县区待核,,
鹰潭职业技术学院,校本部：江西省鹰潭市信江新区滨江东路2号,954,仅定位至城市，县区待核,,
赣西科技职业学院,渝水校区：江西省新余市劳动北路919号,951,仅定位至城市，县区待核,,
赣西科技职业学院,仙女湖校区：江西省新余市仙女湖大道3039号,951,仅定位至城市，县区待核,,
江西艺术职业学院,志敏大道校区：江西省南昌市经济技术开发区方志敏大道1799号,950,仅定位至城市，县区待核,,
江西财经职业学院,浔阳校区：江西省九江市青年路96号,949,仅定位至城市，县区待核,,
江西财经职业学院,八里湖校区：江西省九江市八里湖新区八里湖大道216号,949,仅定位至城市，县区待核,,
江西应用技术职业学院,江西省赣州市蓉江新区文峰路9号,948,仅定位至城市，县区待核,,
上饶职业技术学院,江西省上饶市旭日北大道358号,947,仅定位至城市，县区待核,,
江西制造职业技术学院,艾溪湖校区：江西省南昌市紫阳大道318号,946,仅定位至城市，县区待核,,
江西机电职业技术学院,下罗校区：江西省南昌市昌北经济开发区枫林大道168号,943,仅定位至城市，县区待核,,
江西机电职业技术学院,赣新校区：江西省赣江新区永修组团湖东新区样式雷大道1号,943,仅定位至城市，县区待核,,
江西青年职业学院,江西省南昌市经济技术开发区志敏大道1458号,942,仅定位至城市，县区待核,,
江西旅游商贸职业学院,江西省南昌市经济技术开发区丁香路1号,940,仅定位至城市，县区待核,,
江西电力职业技术学院,江西省南昌市昌北经济开发区海棠南路666号,931,仅定位至城市，县区待核,,
江西司法警官职业学院,江西省南昌市昌北经济技术开发区长青路76号,927,仅定位至城市，县区待核,,
江西外语外贸职业大学,瑶湖校区：江西省南昌市天祥大道291号,926,仅定位至城市，县区待核,,
运城学院,山西省运城市复旦西街1155号,920,仅定位至城市，县区待核,,
山西中医药大学,太原校区：山西省太原市晋祠路一段89号,919,仅定位至城市，县区待核,,
抚州职业技术学院,江西省抚州市东临路276号,914,仅定位至城市，县区待核,,
江西交通职业技术学院,经开区校区：江西省南昌经济技术开发区双港东大街644支路395号,913,仅定位至城市，县区待核,,
南昌职业大学,湾里校区：江西省南昌市湾里区翠岩路200号,909,仅定位至城市，县区待核,,
宜春职业技术学院,校本部：江西省宜春市锦绣大道996号,908,仅定位至城市，县区待核,,
宜春职业技术学院,北校区：江西省宜春市中心城区中山西路399号,908,仅定位至城市，县区待核,,
江西现代职业技术学院,艾溪湖校区：江西省南昌市昌东大学园区紫阳大道338号,904,仅定位至城市，县区待核,,
郑州电力高等专科学校,郑州市郑东新区凤栖街296号,902,仅定位至城市，县区待核,,
江西工业职业技术学院,化工校区：江西省南昌市东郊江西氨厂侧,895,仅定位至城市，县区待核,,
江西工业职业技术学院,瑶湖校区：江西省南昌市昌东高校园区高新区天祥大道388号,895,仅定位至城市，县区待核,,
新余学院,江西省新余市高新区阳光大道2666号,891,仅定位至城市，县区待核,,
萍乡学院,江西省萍乡市萍安北大道211号,888,仅定位至城市，县区待核,,
郑州警察学院,农业路校区：河南省郑州市农业路31号,886,仅定位至城市，县区待核,,
黄淮学院,校本部：河南省驻马店市开源大道76号,884,仅定位至城市，县区待核,,
黄淮学院,医学院校区：河南省驻马店市盘龙山路北段2628号,884,仅定位至城市，县区待核,,
平顶山学院,湖滨校区：河南省平顶山市新城区未来路南段,880,仅定位至城市，县区待核,,
平顶山学院,崇文校区：河南省平顶山市新城区崇文路,880,仅定位至城市，县区待核,,
安阳师范学院,弦歌大道校区：河南省安阳市弦歌大道436号,878,仅定位至城市，县区待核,,
安阳师范学院,文明大道校区：河南省安阳市文明大道265号,878,仅定位至城市，县区待核,,
首都经济贸易大学,红庙校区：北京市朝阳门外金台里2号,875,仅定位至城市，县区待核,,
河南中医药大学,龙子湖校区：河南省郑州市郑东新区金水东路156号,873,仅定位至城市，县区待核,,
豫章师范学院,红角洲校区：江西省南昌市梅岭大道1999号,872,仅定位至城市，县区待核,,
抚州医药学院,南校区：江西省抚州市文昌大道2766号,870,仅定位至城市，县区待核,,
抚州医药学院,北校区：江西省抚州市东临路9号,870,仅定位至城市，县区待核,,
江西科技学院,江西省南昌市高新区紫阳大道115号江西科技学院,869,仅定位至城市，县区待核,,
南昌理工学院,南昌校区：江西省南昌经济技术开发区英雄大道901号,868,仅定位至城市，县区待核,,
江西水利电力大学,瑶湖校区：江西省南昌市高新技术开发区天祥大道289号,867,仅定位至城市，县区待核,,
西安思源学院,校本部：陕西省西安市东郊水安路28号,863,仅定位至城市，县区待核,,
通辽职业学院,内蒙古自治区通辽经济技术开发区那达慕文化园西侧,861,仅定位至城市，县区待核,,
通辽职业学院,吐尔基山大街(北绕城线)与保康路交汇处南450米,861,仅定位至城市，县区待核,,
天津商务职业学院,海河教育园校区：天津市海河教育园区雅观路23号,855,仅定位至城市，县区待核,,
南阳理工学院,河南省南阳市长江路80号,853,仅定位至城市，县区待核,,
安阳工学院,河南省安阳市黄河大道西段,834,仅定位至城市，县区待核,,
河南师范大学,校本部：河南省新乡市建设东路46号,833,仅定位至城市，县区待核,,
河南师范大学,科技创新港校区：新乡市平原示范区黄河大道河南师范大学科技创新港,833,仅定位至城市，县区待核,,
武汉商学院,后官湖校区：湖北省武汉市武汉经济技术开发区东风大道816号,815,仅定位至城市，县区待核,,
武汉商学院,马影河校区：湖北省武汉经开区周家河北路以北、育文路两侧、育源路以南,815,仅定位至城市，县区待核,,
湖北中医药高等专科学校,南校区：湖北省荆州市学苑路87号,811,仅定位至城市，县区待核,,
湖北中医药高等专科学校,城中校区：湖北省荆州市人民路4号,811,仅定位至城市，县区待核,,
湖北职业技术学院,湖北省孝感市玉泉路17号,810,仅定位至城市，县区待核,,
四川工业科技学院,绵竹校区：四川省德阳市绵竹新市经济开发区,801,仅定位至城市，县区待核,,
四川建筑职业技术大学,德阳校区：四川省德阳市嘉陵江西路4号,793,仅定位至城市，县区待核,,
广安职业技术学院,奎阁校区：四川省广安市经济技术开发区老关庙路东段1号,792,仅定位至城市，县区待核,,
雅安职业技术学院,经开区校区：四川省雅安市经济开发区学道街659号,790,仅定位至城市，县区待核,,
四川职业技术学院,校本部：四川省遂宁市学府北路1号,789,仅定位至城市，县区待核,,
四川职业技术学院,射洪校区：四川省遂宁市射洪经开区富民路177号,789,仅定位至城市，县区待核,,
四川托普信息技术职业学院,四川省成都市高新区西区大道2000号,788,仅定位至城市，县区待核,,
南通大学,啬园校区：江苏省南通市啬园路9号,787,仅定位至城市，县区待核,,
辽宁工程技术大学,阜新校区玉龙校园：辽宁省阜新市玉龙路88号,786,仅定位至城市，县区待核,,
成都职业技术学院,高新校区：成都市高新区益州大道北段15号,774,仅定位至城市，县区待核,,
成都职业技术学院,花源校区：成都市新津县花源镇花源大道310号,774,仅定位至城市，县区待核,,
成都工业学院,花牌坊校区：四川省成都市花牌坊街2号,769,仅定位至城市，县区待核,,
成都工业学院,宜宾校区：四川省宜宾市临港经济技术开发区大学路三段9号,769,仅定位至城市，县区待核,,
牡丹江大学,穆棱校区：黑龙江省牡丹江市穆棱经济开发区,766,仅定位至城市，县区待核,,
哈尔滨信息工程学院,哈东校区：黑龙江省哈尔滨市宾西技术开发区大学城9号,763,仅定位至城市，县区待核,,
哈尔滨信息工程学院,江北校区：黑龙江省哈尔滨市利民开发区学院路950号,763,仅定位至城市，县区待核,,
河北政法职业学院,五七路校区（老校区）：河北省学府支路（原五七路）21号,757,仅定位至城市，县区待核,,
石家庄邮电职业技术学院,西校区：河北省石家庄市体育南大街318号,746,仅定位至城市，县区待核,,
石家庄邮电职业技术学院,东校区：河北省石家庄市翟营南大街51号,746,仅定位至城市，县区待核,,
黑龙江三江美术职业学院,哈尔滨新校区：哈尔滨龙美路1号（长江路南段,740,仅定位至城市，县区待核,,
黑龙江三江美术职业学院,香坊区与阿城区交界处）,740,仅定位至城市，县区待核,,
黑龙江农垦职业学院,江北校区：黑龙江省哈尔滨市利民经济技术开发区学院路660号,737,仅定位至城市，县区待核,,
黑龙江农垦职业学院,宾西校区：黑龙江省哈尔滨市宾西开发区大学城1号,737,仅定位至城市，县区待核,,
廊坊职业技术学院,大学城校区：河北省廊坊市开发区东方大学城二期,730,仅定位至城市，县区待核,,
廊坊职业技术学院,西校区：河北省廊坊市爱民西道42号,730,仅定位至城市，县区待核,,
廊坊职业技术学院,北校区：河北省廊坊市新源道2号,730,仅定位至城市，县区待核,,
河北交通职业技术学院,主校区：石家庄市高新区槐安东路339号,729,仅定位至城市，县区待核,,
石家庄科技信息职业学院,灵寿校区： 石家庄灵寿经济开发区人民东路,728,仅定位至城市，县区待核,,
河北旅游职业学院,河北省承德市高新技术产业开发区,726,仅定位至城市，县区待核,,
河北软件职业技术学院,校本部：河北省保定市东风东路999号,717,仅定位至城市，县区待核,,
邯郸职业技术学院,中国河北省邯郸市渚河路141号,704,仅定位至城市，县区待核,,
石家庄铁路职业技术学院,长安校区：河北省石家庄市四水厂路18号,702,仅定位至城市，县区待核,,
石家庄职业技术学院,正定校区：河北省石家庄市正定新区天宁路226号、227号,701,仅定位至城市，县区待核,,
沧州职业技术学院,渤海校区：河北省沧州渤海新区中捷产业园区文汇路,700,仅定位至城市，县区待核,,
张家口职业技术学院,主校区：河北省张家口市经开区胜利南路50号,696,仅定位至城市，县区待核,,
河北民族师范学院,河北省承德市高新技术产业开发区学院路西2号,691,仅定位至城市，县区待核,,
河北石油职业技术大学,河北省承德市高新技术产业开发区学院路2号,689,仅定位至城市，县区待核,,
河北水利电力学院,河北省沧州市黄河西路49号,688,仅定位至城市，县区待核,,
北华航天工业学院,廊坊校区：河北省廊坊市爱民东道133号,687,仅定位至城市，县区待核,,
北华航天工业学院,固安校区：河北省廊坊市固安高新技术产业开发区航天大道7号,687,仅定位至城市，县区待核,,
电子科技大学,清水河校区：四川省成都市高新区西源大道2006号,661,仅定位至城市，县区待核,,
中山火炬职业技术学院,广东省中山市火炬开发区中山港大道60号,648,仅定位至城市，县区待核,,
深圳职业技术大学,深汕校区：广东省深圳市深汕合作区赤石镇大水口村,646,仅定位至城市，县区待核,,
广州民航职业技术学院,白云机场校区：广东省广州市白云国际机场空港北横六路,635,仅定位至城市，县区待核,,
石家庄学院,南校区：河北省石家庄市高新技术产业开发区珠峰大街288号,628,仅定位至城市，县区待核,,
石家庄学院,北校区：河北省石家庄市高新技术产业开发区长江大道6号,628,仅定位至城市，县区待核,,
衡水学院,校本部：河北省衡水市和平西路1088号,627,仅定位至城市，县区待核,,
衡水学院,滨湖校区：衡水市滨湖新区龙腾路1999号,627,仅定位至城市，县区待核,,
河北体育学院,校本部：河北省石家庄市学府路82号,626,仅定位至城市，县区待核,,
河北体育学院,正定新区校区：河北省石家庄正定新区恒阳路61号,626,仅定位至城市，县区待核,,
廊坊师范学院,廊坊校区：河北省廊坊市爱民西道100号,625,仅定位至城市，县区待核,,
唐山师范学院,大学道校区：河北省唐山市建设北路156号,624,仅定位至城市，县区待核,,
唐山师范学院,学院路校区：河北省唐山市学院路41号,624,仅定位至城市，县区待核,,
广东工贸职业技术学院,1098号,613,仅定位至城市，县区待核,,
邢台学院,主校区：河北省邢台市桥东区泉北东大街88号,609,仅定位至城市，县区待核,,
邢台学院,机电工程学院校区：河北省邢台市桥西区泉北西大街1169号,609,仅定位至城市，县区待核,,
河北工程大学,河北省邯郸经济技术开发区太极路19号,602,仅定位至城市，县区待核,,
河北北方学院,校本部：河北省张家口市高新区钻石南路11号,601,仅定位至城市，县区待核,,
河北北方学院,北校区：河北省张家口市长青路14号,601,仅定位至城市，县区待核,,
河北农业大学,渤海校区：河北省沧州市中捷产业园区渤海路1号,598,仅定位至城市，县区待核,,
华北理工大学,河北省唐山市曹妃甸新城渤海大道21号,597,仅定位至城市，县区待核,,
河北医科大学,建华校区南院：河北省石家庄市东岗路48号,596,仅定位至城市，县区待核,,
河北师范大学,裕华校区：河北省石家庄市南二环东路20号,595,仅定位至城市，县区待核,,
河北师范大学,红旗校区：河北省石家庄市红旗大街469号,595,仅定位至城市，县区待核,,
北京工商大学,良乡校区：北京市良乡高教园区,570,仅定位至城市，县区待核,,
中央美术学院,上海校区：上海市临港南汇新城镇环湖南二路1099号,564,仅定位至城市，县区待核,,
烟台大学,八角湾校区：山东省烟台市黄渤海新区八角湾滨海地带,554,仅定位至城市，县区待核,,
泰山学院,北校区：山东省泰安市东岳大街525号,550,仅定位至城市，县区待核,,
泰山学院,南校区：山东省泰安市高新技术开发区凤天路789号,550,仅定位至城市，县区待核,,
齐鲁工业大学,彩石校区：山东省济南市经十东路28789号,547,仅定位至城市，县区待核,,
山东农业大学,岱宗校区：山东省泰安市岱宗大街61号,542,仅定位至城市，县区待核,,
玉林师范学院,西校区：广西壮族自治区玉林市教育中路299号,539,仅定位至城市，县区待核,,
玉林师范学院,东校区：广西壮族自治区玉林市教育东路东1303号,539,仅定位至城市，县区待核,,
山东科技大学,青岛校区：山东省青岛市经济技术开发区前湾港路579号,537,仅定位至城市，县区待核,,
山东交通学院,长清校区：山东省济南市长清大学科技园海棠路5001号,534,仅定位至城市，县区待核,,
山东交通学院,东校区（南院）：山东省济南市燕子山西路40号,534,仅定位至城市，县区待核,,
山东交通学院,东校区（北院）：山东省济南市桑园路52号,534,仅定位至城市，县区待核,,
桂林理工大学,南宁安吉校区：广西壮族自治区南宁市安吉大道15号,533,仅定位至城市，县区待核,,
内蒙古财经大学,西校区：内蒙古呼和浩特市北二环路185号,529,仅定位至城市，县区待核,,
内蒙古财经大学,东校区：内蒙古呼和浩特海拉尔大街47号,529,仅定位至城市，县区待核,,
山东建筑大学,山东省济南市临港开发区凤鸣路1000号,528,仅定位至城市，县区待核,,
内蒙古医科大学,金山校区：内蒙古自治区呼和浩特市金山经济技术开发区,525,仅定位至城市，县区待核,,
内蒙古师范大学,赛罕校区：内蒙古呼和浩特市昭乌达路81号,519,仅定位至城市，县区待核,,
内蒙古师范大学,盛乐校区：内蒙古呼和浩特市和林格尔盛乐经济园区,519,仅定位至城市，县区待核,,
遵义医科大学,新蒲校区：贵州省遵义市新蒲新区校园1号路,518,仅定位至城市，县区待核,,
贵州医科大学,云漫湖校区：贵州省贵安新区安康大道6号,515,仅定位至城市，县区待核,,
贵州医科大学,北校区：贵州省贵阳市北京路9号,515,仅定位至城市，县区待核,,
贵州师范大学,花溪校区：贵州省贵安新区花溪大学城贵州师范大学东区,514,仅定位至城市，县区待核,,
内蒙古工业大学,康巴什校区：内蒙古鄂尔多斯市高新技术产业开发区,508,仅定位至城市，县区待核,,
内蒙古工业大学,金川校区：内蒙古自治区呼和浩特市经济技术开发区金川工业园区,508,仅定位至城市，县区待核,,
青岛科技大学,崂山校区：山东省青岛市松岭路99号,507,仅定位至城市，县区待核,,
青岛科技大学,四方校区：山东省青岛市郑州路53号,507,仅定位至城市，县区待核,,
青岛科技大学,济南校区：山东省济南市文化东路80号,507,仅定位至城市，县区待核,,
青岛科技大学,中德校区：山东省青岛市西海岸新区团结路3698号,507,仅定位至城市，县区待核,,
海南大学,儋州校区：海南省儋州市那大镇宝岛新村,504,仅定位至城市，县区待核,,
海南大学,崖州湾科教园校区：三亚市崖州湾科技城规划一路,504,仅定位至城市，县区待核,,
河西学院,校本部：甘肃省张掖市环城北路846号,502,仅定位至城市，县区待核,,
河西学院,医学校区：甘肃省张掖市丹霞东路24号,502,仅定位至城市，县区待核,,
甘肃中医药大学,和平校区：甘肃省兰州市和平开发区中医大道1号,498,仅定位至城市，县区待核,,
西北师范大学,云亭校区：甘肃省兰州市安宁东路967号,495,仅定位至城市，县区待核,,
许昌学院,八一路校区：河南省许昌市八一路88号,493,仅定位至城市，县区待核,,
许昌学院,兴华路校区：河南省许昌市兴华路2111号,493,仅定位至城市，县区待核,,
西北民族大学,西北新村校区：甘肃省兰州市西北新村1号,480,仅定位至城市，县区待核,,
郑州航空工业管理学院,大学路校区：河南省郑州市大学中路2号,479,仅定位至城市，县区待核,,
郑州航空工业管理学院,龙子湖校区：河南省郑州市郑东新区文苑西路15号,479,仅定位至城市，县区待核,,
闽江大学,校本部：福建省福州市大学城溪源宫路200号,477,仅定位至城市，县区待核,,
黄河科技学院,南校区：河南省郑州市紫荆山南路666号,469,仅定位至城市，县区待核,,
黄河科技学院,济源校区：河南省济源市济源大道666号,469,仅定位至城市，县区待核,,
黄河科技学院,北校区：河南省郑州市航海中路94号,469,仅定位至城市，县区待核,,
河南工业大学,莲花街校区：河南省郑州市国家高新技术开发区莲花街100号,466,仅定位至城市，县区待核,,
华北水利水电大学,龙子湖校区：河南省郑州市郑东新区金水东路136号,464,仅定位至城市，县区待核,,
河南理工大学,南校区：河南省焦作市高新区世纪路2001号,463,仅定位至城市，县区待核,,
河南农业大学,龙子湖校区：河南省郑州市郑东新区平安大道218号,462,仅定位至城市，县区待核,,
郑州轻工业大学,科学校区：河南省郑州市高新技术产业开发区科学大道136号,458,仅定位至城市，县区待核,,
武汉体育学院,武当山校区：湖北省十堰市武当山旅游经济特区,448,仅定位至城市，县区待核,,
东北石油大学,大庆校区：黑龙江省大庆市高新技术产业开发区学府街99号,446,仅定位至城市，县区待核,,
东北石油大学,秦皇岛校区：河北省秦皇岛市河北大街西段550号,446,仅定位至城市，县区待核,,
武汉工程大学,流芳校区：湖北省武汉市东湖新技术开发区光谷一路206号,434,仅定位至城市，县区待核,,
哈尔滨医科大学,大庆校区：黑龙江省大庆市高新区新阳路39号,429,仅定位至城市，县区待核,,
黑龙江八一农垦大学,黑龙江省大庆市高新区新风路5号,427,仅定位至城市，县区待核,,
中南财经政法大学,南湖校区：湖北省武汉市东湖高新技术开发区南湖大道182号,414,仅定位至城市，县区待核,,
吉林体育学院,南岭校区：吉林省长春市自由大路2476号,413,仅定位至城市，县区待核,,
吉林体育学院,临河校区：吉林省长春市经开区临河街5699号,413,仅定位至城市，县区待核,,
吉林财经大学,吉林省长春市净月大街3699号,412,仅定位至城市，县区待核,,
吉林外国语大学,吉林省长春市净月国家高新技术产业开发区净月大街3658号,411,仅定位至城市，县区待核,,
白城师范学院,经开校区：吉林省白城市吉林白城经济开发区保平街道阳光社区中兴西大路57号,410,仅定位至城市，县区待核,,
白城师范学院,新立校区（白城师范学院分院）：吉林省白城市吉林白城经济开发区幸福街道二三七社区白平公路50-34号,410,仅定位至城市，县区待核,,
长春中医药大学,净月校区：吉林省长春市净月开发区博硕路1035号,404,仅定位至城市，县区待核,,
吉林化工大学,双吉校区：吉林省吉林市经济技术开发区双吉街,400,仅定位至城市，县区待核,,
吉林建筑大学,吉林省长春市净月开发区新城大街5088号,395,仅定位至城市，县区待核,,
南华大学,雨母校区：湖南省衡阳市高新区衡州大道228号,391,仅定位至城市，县区待核,,
吉林师范大学,长春校区：吉林省长春市高新区卓越大街399号,390,仅定位至城市，县区待核,,
长春师范大学,乐群校区：吉林省长春市吉林大路3291号,387,仅定位至城市，县区待核,,
长春师范大学,北湖校区：吉林省长春市高新技术产业开发区奋进乡一间堡社区,387,仅定位至城市，县区待核,,
西安培华学院,高新校区：陕西省西安市高新区白沙路南段2号,383,仅定位至城市，县区待核,,
长春工业大学,北湖校区：吉林省长春市高新技术产业开发区北区北远达大街3000号,381,仅定位至城市，县区待核,,
长春大学,高新校区（西校区）：吉林省长春市长春高新技术产业开发区双德街道科苑社区卫星路8326号,377,仅定位至城市，县区待核,,
西北政法大学,长安校区：陕西省西安市西长安街558号,376,仅定位至城市，县区待核,,
西北政法大学,雁塔校区：陕西省西安市长安南路300号,376,仅定位至城市，县区待核,,
北华大学,师范分院校区：吉林省吉林市吉林高新技术产业开发区高新街道日升社区吉林大街22号,374,仅定位至城市，县区待核,,
北华大学,南校区：吉林省吉林市吉林高新技术产业开发区高新街道师苑社区吉林大街15号,374,仅定位至城市，县区待核,,
青海民族大学,东序校区：青海省西宁市八一中路3号,372,仅定位至城市，县区待核,,
青海民族大学,西昆校区：青海省西宁市八一中路72号,372,仅定位至城市，县区待核,,
青海民族大学,博雅校区：青海省西宁市曹二路52号,372,仅定位至城市，县区待核,,
青海民族大学,文实校区：青海省西宁市夏都大街78号,372,仅定位至城市，县区待核,,
青海民族大学,南山校区：青海省西宁市南山东路15号,372,仅定位至城市，县区待核,,
青海师范大学,城西校区：青海省西宁市城西五四西路38号,370,仅定位至城市，县区待核,,
宝鸡文理学院,蟠龙校区：陕西省宝鸡市蟠龙新区龙翔大道003号,369,仅定位至城市，县区待核,,
陕西中医药大学,南校区：陕西省西咸新区西咸大道,365,仅定位至城市，县区待核,,
西藏大学,教育城校区：西藏自治区拉萨市教育城,364,仅定位至城市，县区待核,,
西安邮电大学,雁塔校区：陕西省西安市长安南路563号,363,仅定位至城市，县区待核,,
云南艺术学院,麻园校区：云南省昆明市科业路23号,360,仅定位至城市，县区待核,,
陕西科技大学,太华路校区：陕西省西安市太华北路43号,357,仅定位至城市，县区待核,,
西安建筑科技大学,草堂校区：陕西省西安市草堂寺景区草寺东路,351,仅定位至城市，县区待核,,
昆明医科大学,人民西路校区：云南省昆明市人民西路191号,347,仅定位至城市，县区待核,,
云南师范大学,一二·一西南联大校区：云南省昆明市一二·一大街298号,344,仅定位至城市，县区待核,,
昆明理工大学,嵩明校区：云南省昆明市嵩明职教新城空港大道1号,342,仅定位至城市，县区待核,,
昆明理工大学,莲华校区：云南省昆明市一二一大街文昌路68号,342,仅定位至城市，县区待核,,
昆明理工大学,新迎校区：云南省昆明市环城东路50号,342,仅定位至城市，县区待核,,
铜陵学院,翠湖校区：安徽省铜陵市翠湖四路1335号,340,仅定位至城市，县区待核,,
铜陵学院,育秀校区：安徽省铜陵市北京中路297号,340,仅定位至城市，县区待核,,
延安大学,新城校区：陕西省延安市新区公学北路1号,336,仅定位至城市，县区待核,,
西安交通大学,雁塔校区：西安市朱雀大街205号,330,仅定位至城市，县区待核,,
华东政法大学,松江校区：上海市松江大学园区龙源路555号,323,仅定位至城市，县区待核,,
安徽建筑大学,紫云路校区：合肥市经济技术开发区紫云路292号,322,仅定位至城市，县区待核,,
安徽工程大学,国际工程师学院校区：安徽省芜湖市经济技术开发区赤铸山东路100号,316,仅定位至城市，县区待核,,
安徽师范大学,赭山校区：安徽省芜湖市北京中路2号,314,仅定位至城市，县区待核,,
安徽师范大学,天门山校区：安徽省芜湖市九华北路171号,314,仅定位至城市，县区待核,,
韶关学院,校本部：广东省韶关市大学路288号,298,仅定位至城市，县区待核,,
韶关学院,黄田坝校区：广东省韶关市惠民北路64号韶关学院,298,仅定位至城市，县区待核,,
韩山师范学院,校本部：广东省潮州市区桥东,297,仅定位至城市，县区待核,,
韩山师范学院,东区：广东省潮州市官塘工业园区,297,仅定位至城市，县区待核,,
广东药科大学,中山校区：广东省中山市五桂山镇长命水大道9-13号,296,仅定位至城市，县区待核,,
广东医科大学,东莞校区：广东省东莞市松山湖科技产业园区新城大道1号,294,仅定位至城市，县区待核,,
东莞理工学院,松山湖校区：广东省东莞市松山湖高新技术产业开发区大学路1号,291,仅定位至城市，县区待核,,
东莞理工学院,莞城校区：广东省东莞市莞城区学院路251号,291,仅定位至城市，县区待核,,
广东工业大学,揭阳校区：广东省揭阳市粤东新城大学路,286,仅定位至城市，县区待核,,
汕头大学,桑浦山校区：广东省汕头市大学路243号,283,仅定位至城市，县区待核,,
汕头大学,东海岸校区：广东省汕头市翠峰路5号,283,仅定位至城市，县区待核,,
太原师范学院,南内环校区：山西省太原市南内环街189号,282,仅定位至城市，县区待核,,
太原师范学院,黄陵校区： 山西省太原市黄陵路19号,282,仅定位至城市，县区待核,,
太原师范学院,侯家巷校区：山西省太原市侯家巷9号,282,仅定位至城市，县区待核,,
忻州师范学院,校本部：山西省忻州市顿奇东街1号,280,仅定位至城市，县区待核,,
长治医学院,校本部：山西省长治市解放东街161号,279,仅定位至城市，县区待核,,
长治医学院,五龙校区：山西省长治市长治县英雄南路1688号,279,仅定位至城市，县区待核,,
山西财经大学,坞城校区：山西省太原市坞城路140号,275,仅定位至城市，县区待核,,
山西财经大学,迎泽校区：山西省太原市南内环街135号,275,仅定位至城市，县区待核,,
西南医科大学,忠山校区：四川省泸州市忠山路3段319号,274,仅定位至城市，县区待核,,
四川轻化工大学,宜宾校区：四川省宜宾市三江新区白塔路1号,273,仅定位至城市，县区待核,,
成都信息工程大学,航空港校区：四川省成都市西南航空港经济开发区学府路一段24号,270,仅定位至城市，县区待核,,
中国民用航空飞行学院,成都天府校区：四川省成都市东部新区未来科技城福田街道,267,仅定位至城市，县区待核,,
中国美术学院,张江校区：上海市浦东区张江高科技园区泾牛路249号,259,仅定位至城市，县区待核,,
浙江财经大学,下沙校区：浙江省杭州市下沙高教园区学源街18号,258,仅定位至城市，县区待核,,
绍兴大学,校本部：浙江省绍兴市环城西路508号,255,仅定位至城市，县区待核,,
杭州师范大学,仓前校区：浙江省杭州市余杭塘路2318号,252,仅定位至城市，县区待核,,
杭州师范大学,下沙校区：浙江省杭州市江干区下沙高教园区学林街16号,252,仅定位至城市，县区待核,,
温州医科大学,学院路校区：温州市学院西路82号,251,仅定位至城市，县区待核,,
浙江科技大学,小和山校区：浙江省杭州市留和路318号,246,仅定位至城市，县区待核,,
西华大学,宜宾校区：四川省宜宾市临港经济技术开发区大学城路三段1号,245,仅定位至城市，县区待核,,
嘉兴大学,梁林校区：浙江省嘉兴市广穹路899号,244,仅定位至城市，县区待核,,
浙江师范大学,金华校区：浙江省金华市迎宾大道688号,241,仅定位至城市，县区待核,,
浙江师范大学,杭州校区：浙江省杭州市萧山高教园区耕文路1108号,241,仅定位至城市，县区待核,,
新疆财经大学,校本部：新疆维吾尔自治区乌鲁木齐市北京中路449号,237,仅定位至城市，县区待核,,
新疆医科大学,新医路校区：新疆维吾尔自治区乌鲁木齐市新医路393号,234,仅定位至城市，县区待核,,
成都理工大学,宜宾校区：四川省宜宾市临港经济技术开发区大学城路三段218号,232,仅定位至城市，县区待核,,
西南民族大学,武侯校区：四川省成都市一环路南四段16号,231,仅定位至城市，县区待核,,
沈阳工业大学,中央校区：辽宁省沈阳市经济技术开发区沈辽西路111号,227,仅定位至城市，县区待核,,
沈阳工业大学,国家大学科技园：沈阳经济技术开发区四号街20号,227,仅定位至城市，县区待核,,
沈阳药科大学,南校区：辽宁省本溪市高新技术产业开发区华佗大街26号,226,仅定位至城市，县区待核,,
大连交通大学,旅顺口校区：辽宁省大连市旅顺经济技术开发区兴发路216号,220,仅定位至城市，县区待核,,
大连医科大学,辽宁省大连市旅顺南路西段9号,219,仅定位至城市，县区待核,,
大连外国语大学,旅顺校区：辽宁省大连市旅顺南路西段6号,216,仅定位至城市，县区待核,,
沈阳化工大学,沈阳经济技术开发区11号街,215,仅定位至城市，县区待核,,
渤海大学,松山校区：辽宁省锦州市松山新区科技路19号,214,仅定位至城市，县区待核,,
大连民族大学,开发区校区：大连经济技术开发区辽河西路18号,208,仅定位至城市，县区待核,,
大连民族大学,金石滩校区：大连金石滩旅游度假区金石路31号,208,仅定位至城市，县区待核,,
辽宁中医药大学,大连校区：辽宁省大连市双D港生命1路77号,205,仅定位至城市，县区待核,,
沈阳医学院,辽宁省沈阳市黄河北大街146号,202,仅定位至城市，县区待核,,
鲁迅美术学院,大连金石滩校区：辽宁省大连市金州新区金石滩金石路39号,200,仅定位至城市，县区待核,,
石河子大学,中校区：新疆维吾尔自治区石河子市北四路280号,199,仅定位至城市，县区待核,,
石河子大学,北校区：新疆石河子市北四路221号石河子大学北区,199,仅定位至城市，县区待核,,
石河子大学,南校区：新疆石河子市北二路石河子大学南区,199,仅定位至城市，县区待核,,
石河子大学,东校区：新疆石河子市北四东路石河子大学东区,199,仅定位至城市，县区待核,,
石河子大学,北苑新区：新疆石河子市北五路石河子大学北苑新区,199,仅定位至城市，县区待核,,
四川美术学院,悦来校区：重庆市两江新区嘉陵江畔、悦来江湾,196,仅定位至城市，县区待核,,
九江学院,主校区：江西省九江市前进东路551号,194,仅定位至城市，县区待核,,
九江学院,浔东校区：江西省九江市浔阳东路320号,194,仅定位至城市，县区待核,,
江西科技师范大学,红角洲校区：江西省南昌市红角洲学府大道589号,190,仅定位至城市，县区待核,,
江西科技师范大学,枫林校区：江西省南昌市昌北经济开发区枫林大道605号,190,仅定位至城市，县区待核,,
赣南师范大学,蓉江校区：江西省赣州市蓉江新区师大南路1号,189,仅定位至城市，县区待核,,
景德镇陶瓷大学,湘湖校区：江西省景德镇市湘湖路99号,183,仅定位至城市，县区待核,,
西南政法大学,两江校区：重庆市两江新区宝圣大道301号,180,仅定位至城市，县区待核,,
南昌航空大学,前湖校区：江西省南昌市红谷滩新区丰和南大道696号,177,仅定位至城市，县区待核,,
东华理工大学,南昌校区：江西省南昌市经开区广兰大道418号,176,仅定位至城市，县区待核,,
江西财经大学,蛟桥园校区：江西省南昌市昌北国家经济技术开发区双港东大街169号,175,仅定位至城市，县区待核,,
江西财经大学,麦庐园校区：江西省南昌市昌北国家经济技术开发区玉屏大道,175,仅定位至城市，县区待核,,
江西财经大学,枫林园校区：江西省南昌市昌北国家经济技术开发区枫林大道632号,175,仅定位至城市，县区待核,,
江西财经大学,青山园校区：江西省南昌市青山南路596号,175,仅定位至城市，县区待核,,
江西师范大学,瑶湖校区：江西省南昌市紫阳大道99号,174,仅定位至城市，县区待核,,
江西师范大学,青山湖校区（科学技术学院）：江西省南昌市北京西路437号,174,仅定位至城市，县区待核,,
扬州大学,荷花池校区：江苏省扬州市大学南路88号,173,仅定位至城市，县区待核,,
扬州大学,文汇路校区：江苏省扬州市文汇东路48号,173,仅定位至城市，县区待核,,
扬州大学,江阳路北校区：江苏省扬州市江阳中路136号,173,仅定位至城市，县区待核,,
扬州大学,江阳路南校区：江苏省扬州市江阳中路131号,173,仅定位至城市，县区待核,,
江西农业大学,南北校区：江西省南昌市经济技术开发区志敏大道1101号,172,仅定位至城市，县区待核,,
南京工业大学,江浦校区：江苏省南京市江北新区浦珠南路30号,171,仅定位至城市，县区待核,,
江苏大学,校本部：江苏省镇江市学府路301号,170,仅定位至城市，县区待核,,
江苏师范大学,泉山校区：江苏省徐州市铜山新区上海路101号,167,仅定位至城市，县区待核,,
南京信息工程大学,校本部：江苏省南京市宁六路219号,166,仅定位至城市，县区待核,,
南京信息工程大学,无锡校区（已转设为无锡学院）：江苏省无锡市锡山大道333号,166,仅定位至城市，县区待核,,
江西理工大学,南昌校区：江西省南昌市昌北开发区双港东大街1180号,165,仅定位至城市，县区待核,,
苏州科技大学,天平校区：江苏省苏州市高新区长江路55号,163,仅定位至城市，县区待核,,
南京中医药大学,汉中门校区：江苏省南京市汉中路282号,162,仅定位至城市，县区待核,,
南京中医药大学,泰州校区：江苏省泰州市医药高新技术产业开发区匡时路6号,162,仅定位至城市，县区待核,,
江苏科技大学,长山校区：江苏省镇江市丹徒新区长晖路666号,161,仅定位至城市，县区待核,,
江苏科技大学,梦溪校区：江苏省镇江市梦溪路2号,161,仅定位至城市，县区待核,,
南京邮电大学,仙林校区：江苏省南京市仙林大学城文苑路9号,160,仅定位至城市，县区待核,,
南京邮电大学,三牌楼校区：江苏省南京市新模范马路66号,160,仅定位至城市，县区待核,,
南京邮电大学,锁金村校区：江苏省南京市龙蟠路177号,160,仅定位至城市，县区待核,,
杭州电子科技大学,下沙校区：浙江省杭州市杭州经济开发区白杨街道2号大街1158号,159,仅定位至城市，县区待核,,
杭州电子科技大学,下沙东校区：浙江省杭州市江干区金沙东路,159,仅定位至城市，县区待核,,
盐城工学院,希望大道校区：江苏省盐城市希望大道中路1号,154,仅定位至城市，县区待核,,
盐城工学院,建军东路校区：江苏省盐城市建军东路211号,154,仅定位至城市，县区待核,,
淮安大学,枚乘路校区：江苏省淮安市枚乘东路1号,152,仅定位至城市，县区待核,,
南京艺术学院,江苏省南京市北京西路74号,149,仅定位至城市，县区待核,,
南京工程学院,江苏省南京市江宁科学园弘景大道1号,146,仅定位至城市，县区待核,,
北京理工大学,珠海校区：广东省珠海市唐家湾金凤路6号,143,仅定位至城市，县区待核,,
东北师范大学,净月大街校区：吉林省长春市净月开发区净月大街2555号,142,仅定位至城市，县区待核,,
大连理工大学,开发区校区：辽宁省大连市金普新区图强路321号,138,仅定位至城市，县区待核,,
东华大学,新华路校区：上海市新华路365弄6号,135,仅定位至城市，县区待核,,
东北大学,秦皇岛分校：河北省秦皇岛市经济技术开发区泰山路143号,134,仅定位至城市，县区待核,,
山东大学,趵突泉校区：山东省济南市文化西路44号,126,仅定位至城市，县区待核,,
上海交通大学,七宝校区：上海市七莘路2678号,125,仅定位至城市，县区待核,,
上海交通大学,黄浦校区：上海市重庆南路227号,125,仅定位至城市，县区待核,,
中南大学,杏林校区：湖南省长沙市桐梓坡路172号,123,仅定位至城市，县区待核,,
吉林大学,南岭校区：吉林省长春市人民大街5988号,122,仅定位至城市，县区待核,,
中国地质大学（武汉）,未来城校区：湖北省武汉市东湖新技术开发区锦程街68号,121,仅定位至城市，县区待核,,
苏州大学,独墅湖校区：江苏省苏州市工业园区仁爱路199号,118,仅定位至城市，县区待核,,
浙江大学,宁波校区：浙江省宁波市钱湖南路1号,114,仅定位至城市，县区待核,,
浙江大学,华家池校区：浙江省杭州市江干区凯旋路268号,114,仅定位至城市，县区待核,,
南京农业大学,白马教学科研基地：江苏南京白马国家农业科技园科技创新核心区,113,仅定位至城市，县区待核,,
南京农业大学,滨江校区：江苏省南京江北新区滨江大道666号,113,仅定位至城市，县区待核,,
东南大学,苏州校区：江苏省苏州市苏州工业园区林泉街399号,109,仅定位至城市，县区待核,,
厦门大学,漳州校区：福建省漳州招商局经济技术开发区南滨大道300号,102,仅定位至城市，县区待核,,
厦门大学,马来西亚分校：马来西亚雪兰莪州沙叻丁宜,102,仅定位至城市，县区待核,,
江南大学,蠡湖校区：江苏省无锡市蠡湖大道1800号,86,仅定位至城市，县区待核,,
天津科技大学,滨海校区：天津市经济技术开发区第十三大街9号,82,仅定位至城市，县区待核,,
安徽医科大学,翡翠路校区：安徽省合肥市经济技术开发区翡翠路15号,72,仅定位至城市，县区待核,,
安徽医科大学,铜陵路校区：合肥市新站高新技术产业开发区唐河路,72,仅定位至城市，县区待核,,
安徽理工大学,校本部：安徽省淮南市泰丰大街168号,68,仅定位至城市，县区待核,,
安徽理工大学,合肥校区：安徽省合肥市双凤工业区凤霞路15号,68,仅定位至城市，县区待核,,
安徽大学,磬苑校区：合肥市经济技术开发区九龙路111号,67,仅定位至城市，县区待核,,
德州学院,山东省德州市大学西路566号,65,仅定位至城市，县区待核,,
合肥工业大学,翡翠湖校区：安徽省合肥市经济技术开发区大学城翡翠路420号,63,仅定位至城市，县区待核,,
郑州大学,校本部：河南省郑州市高新区科学大道100号,62,仅定位至城市，县区待核,,
郑州大学,洛阳产业技术研究院：河南省洛阳市周山大道6号,62,规划/非普通校园/研究生教学单位，需单独核验后再纳入,,
中国海洋大学,西海岸校区：青岛市三沙路1299号,61,仅定位至城市，县区待核,,
天津大学,滨海工业研究院校区：天津市滨海新区临港经济区嘉陵江道48号,60,规划/非普通校园/研究生教学单位，需单独核验后再纳入,,
南开大学,津南校区：天津市海河教育园区同砚路38号,59,仅定位至城市，县区待核,,
南开大学,泰达校区：天津经济开发区宏达街23号,59,仅定位至城市，县区待核,,
西安电子科技大学,长安校区：陕西省西安市西沣路兴隆段266号,57,仅定位至城市，县区待核,,
西安电子科技大学,雁塔校区：陕西省西安市太白南路2号,57,仅定位至城市，县区待核,,
河北经贸大学,北校区：河北省石家庄市学府路47号,56,仅定位至城市，县区待核,,
河北大学,五四路校区：河北省保定市五四东路180号,54,仅定位至城市，县区待核,,
河北大学,七一路校区：河北省保定市七一东路 2666 号,54,仅定位至城市，县区待核,,
河北大学,裕华路校区：河北省保定市裕华东路 342号,54,仅定位至城市，县区待核,,
西南交通大学,成都东部（国际）校区：四川省成都市东部新区林栖大道三岔TOD区域,51,仅定位至城市，县区待核,,
北京邮电大学,海南校区：海南省陵水黎族自治县黎安国际教育创新试验区,48,仅定位至城市，县区待核,,
中央民族大学,海南国际学院：海南省陵水黎安国际教育创新试验区,45,地区无法映射当前边界快照,,
河北工业大学,芬兰校区：河北工业大学天津校区/芬兰拉彭兰塔理工大学,41,仅定位至城市，县区待核,,
西北大学,太白校区：陕西省西安市太白北路229号,37,仅定位至城市，县区待核,,
西北大学,桃园校区：陕西省西安市高新四路15号,37,仅定位至城市，县区待核,,
长安大学,南校区：陕西省西安市南二环路中段,36,仅定位至城市，县区待核,,
大连海事大学,东山校区：辽宁省大连市凌海路1号,33,仅定位至城市，县区待核,,
北京大学,深圳研究生院：深圳市南山区西丽镇丽水路深圳大学城北大校区,31,规划/非普通校园/研究生教学单位，需单独核验后再纳入,,
浙江大学,浙江省宁波市钱湖南路1号,,第三方列为宁波校区，但2026学校官网列举的七校区不含此项；不据此改变宁波最佳大学,https://www.gaokao.cn/school/114,https://zjui.intl.zju.edu.cn/join-info/3342
