campus_id,uid,学校,省份,城市,校区,地址,来源类型,状态
PROFILE3586_1,4144014758,广东梅州职业技术学院,广东省,梅州市,广梅产业园校区,广州梅州产业转移园蕉岭路,profile,本轮读取第三方档案 · 仅定位至城市，县区待核 · 办学状态仍需官网复核
PROFILE3398_0,4151014645,天府新区航空旅游职业学院,四川省,眉山市,天府校区,四川省天府新区剑南大道南延线航空大道中段168号,profile,本轮读取第三方档案 · 仅定位至城市，县区待核 · 办学状态仍需官网复核
PROFILE3379_0,4143010836,株洲师范高等专科学校,湖南省,株洲市,云龙校区,湖南省株洲市经开区智慧路89号,profile,本轮读取第三方档案 · 仅定位至城市，县区待核 · 办学状态仍需官网复核
PROFILE3377_0,4142014555,长江艺术工程职业学院,湖北省,荆州市,办学地点（档案未命名）,湖北省荆州市纪南生态文化旅游区孙叔敖路1号,profile,本轮读取第三方档案 · 仅定位至城市，县区待核 · 办学状态仍需官网复核
PROFILE3366_1,4141014636,河南物流职业学院,河南省,郑州市,平原校区,河南省郑州市黄河大桥北中州大道与郑焦晋（原焦）高速交叉口西侧,profile,本轮读取第三方档案 · 仅定位至城市，县区待核 · 办学状态仍需官网复核
PROFILE3366_2,4141014636,河南物流职业学院,河南省,新乡市,新乡校区,新乡市科隆大道114号,profile,本轮读取第三方档案 · 仅定位至城市，县区待核 · 办学状态仍需官网复核
PROFILE3361_1,4141013889,河南林业职业学院,河南省,洛阳市,三川校区,河南省洛阳市洛常路168号,profile,本轮读取第三方档案 · 仅定位至城市，县区待核 · 办学状态仍需官网复核
PROFILE3358_0,4136014569,赣南卫生健康职业学院,江西省,赣州市,办学地点（档案未命名）,江西省赣州市蓉江新区高校园区,profile,本轮读取第三方档案 · 仅定位至城市，县区待核 · 办学状态仍需官网复核
PROFILE3346_0,4132014568,江苏航空职业技术学院,江苏省,镇江市,办学地点（档案未命名）,江苏省镇江瑞城路88号,profile,本轮读取第三方档案 · 仅定位至城市，县区待核 · 办学状态仍需官网复核
PROFILE3334_0,4113014586,唐山幼儿师范高等专科学校,河北省,唐山市,办学地点（档案未命名）,河北省唐山市高新技术开发区京唐智慧港,profile,本轮读取第三方档案 · 仅定位至城市，县区待核 · 办学状态仍需官网复核
PROFILE3332_1,4113012783,石家庄城市经济职业学院,河北省,石家庄市,东校区,河北省石家庄市经济技术开发区（东区）鼎盛街3号,profile,本轮读取第三方档案 · 仅定位至城市，县区待核 · 办学状态仍需官网复核
PROFILE3292_0,4262051378,甘肃财贸职业学院,甘肃省,兰州市,兰州新区职教园校区,甘肃省兰州市兰州新区职教园区海河街766号,profile,本轮读取第三方档案 · 仅定位至城市，县区待核 · 办学状态仍需官网复核
PROFILE3289_0,4162014594,兰州现代职业学院,甘肃省,兰州市,办学地点（档案未命名）,甘肃省兰州新区职教园区（兰州新区九龙江街500号）,profile,本轮读取第三方档案 · 仅定位至城市，县区待核 · 办学状态仍需官网复核
PROFILE3253_0,4136014537,江西师范高等专科学校,江西省,鹰潭市,办学地点（档案未命名）,江西省鹰潭市信江新区滨江东路1号,profile,本轮读取第三方档案 · 仅定位至城市，县区待核 · 办学状态仍需官网复核
PROFILE3230_0,4132014493,南通师范高等专科学校,江苏省,南通市,开发区校区,江苏省南通市经济技术开发区育贤路2号,profile,本轮读取第三方档案 · 仅定位至城市，县区待核 · 办学状态仍需官网复核
PROFILE3154_0,4162014517,甘肃卫生职业学院,甘肃省,兰州市,新区校区,甘肃省兰州市新区职教园区九龙江街1666号,profile,本轮读取第三方档案 · 仅定位至城市，县区待核 · 办学状态仍需官网复核
PROFILE3115_1,4134014330,合肥幼儿师范高等专科学校,安徽省,合肥市,少荃湖校区,安徽省合肥市新站高新区文忠路2299号,profile,本轮读取第三方档案 · 仅定位至城市，县区待核 · 办学状态仍需官网复核
PROFILE3098_0,4241050709,平顶山职业技术学院,河南省,平顶山市,新校区,河南省平顶山市城乡一体化示范区长安大道西段（郑万高铁平顶山站西侧）,profile,本轮读取第三方档案 · 仅定位至城市，县区待核 · 办学状态仍需官网复核
PROFILE3083_1,4123013302,哈尔滨传媒职业学院,黑龙江省,哈尔滨市,二校区,哈尔滨市松花路88号,profile,本轮读取第三方档案 · 仅定位至城市，县区待核 · 办学状态仍需官网复核
PROFILE3073_0,4141010469,河南牧业经济学院,河南省,郑州市,龙子湖校区,河南省郑州市郑东新区龙子湖北路6号,profile,本轮读取第三方档案 · 仅定位至城市，县区待核 · 办学状态仍需官网复核
PROFILE3067_1,4141012582,河南水利与环境职业学院,河南省,郑州市,航空港校区,郑州航空港经济综合实验区双鹤湖片区梅河路与工业十一路交汇处,profile,本轮读取第三方档案 · 仅定位至城市，县区待核 · 办学状态仍需官网复核
PROFILE2928_0,4137014346,山东海事职业学院,山东省,潍坊市,南区,潍坊市滨海经济技术开发区科教创新园区智慧南二街1000号,profile,本轮读取第三方档案 · 仅定位至城市，县区待核 · 办学状态仍需官网复核
PROFILE2928_1,4137014346,山东海事职业学院,山东省,潍坊市,北区,潍坊滨海经济技术开发区智慧北二街00999号,profile,本轮读取第三方档案 · 仅定位至城市，县区待核 · 办学状态仍需官网复核
PROFILE2914_0,4141014352,鹤壁汽车工程职业学院,河南省,鹤壁市,淇滨校区,河南省鹤壁市职教园区,profile,本轮读取第三方档案 · 仅定位至城市，县区待核 · 办学状态仍需官网复核
PROFILE2905_0,4233050559,宁波幼儿师范高等专科学校,浙江省,宁波市,杭州湾校区,宁波市前湾新区金慈路316号,profile,本轮读取第三方档案 · 仅定位至城市，县区待核 · 办学状态仍需官网复核
PROFILE2902_1,4113014458,张家口学院,河北省,张家口市,明湖校区,河北省张家口市经开区洋河新区景观大道北侧,profile,本轮读取第三方档案 · 仅定位至城市，县区待核 · 办学状态仍需官网复核
PROFILE2889_0,4136014437,南昌师范学院,江西省,南昌市,昌北校区,江西省南昌市经济技术开发区瑞香路889号,profile,本轮读取第三方档案 · 仅定位至城市，县区待核 · 办学状态仍需官网复核
PROFILE2887_0,4136013418,江西服装学院,江西省,南昌市,办学地点（档案未命名）,江西省南昌市向塘经济开发区丽湖中大道103号,profile,本轮读取第三方档案 · 仅定位至城市，县区待核 · 办学状态仍需官网复核
PROFILE2885_0,4136014465,赣州师范高等专科学校,江西省,赣州市,办学地点（档案未命名）,江西省赣州市蓉江新区高校园区35号,profile,本轮读取第三方档案 · 仅定位至城市，县区待核 · 办学状态仍需官网复核
PROFILE2858_2,4113014396,河北轨道运输职业技术学院,河北省,石家庄市,阿里山校区,石家庄市经济技术开发区阿里山大街18号,profile,本轮读取第三方档案 · 仅定位至城市，县区待核 · 办学状态仍需官网复核
PROFILE2854_0,4113014335,廊坊卫生职业学院,河北省,廊坊市,办学地点（档案未命名）,河北省廊坊市经济开发区东方大学城四光路南,profile,本轮读取第三方档案 · 仅定位至城市，县区待核 · 办学状态仍需官网复核
PROFILE2846_0,4161013125,陕西服装工程学院,陕西省,西安市,主校区,陕西省西安市西咸新区沣西新城同文路1号,profile,本轮读取第三方档案 · 仅定位至城市，县区待核 · 办学状态仍需官网复核
PROFILE2839_0,4134013065,安徽外国语学院,安徽省,合肥市,办学地点（档案未命名）,安徽省合肥市繁华大道（西）2号,profile,本轮读取第三方档案 · 仅定位至城市，县区待核 · 办学状态仍需官网复核
PROFILE2837_1,4137013324,山东协和学院,山东省,济南市,遥墙校区,山东省济南市高新区临港街道温泉路5688号,profile,本轮读取第三方档案 · 仅定位至城市，县区待核 · 办学状态仍需官网复核
PROFILE2677_0,4141014303,郑州信息工程职业学院,河南省,郑州市,南校区,郑州市中原西路桃贾路19号,profile,本轮读取第三方档案 · 仅定位至城市，县区待核 · 办学状态仍需官网复核
PROFILE2672_0,4141014308,河南艺术职业学院,河南省,郑州市,新校区,河南省郑州市郑东新区郑开大道132号,profile,本轮读取第三方档案 · 仅定位至城市，县区待核 · 办学状态仍需官网复核
PROFILE2664_0,4134014299,皖西卫生职业学院,安徽省,六安市,主校区,安徽省六安市皋城中路406号,profile,本轮读取第三方档案 · 仅定位至城市，县区待核 · 办学状态仍需官网复核
PROFILE2663_0,4132014293,宿迁泽达职业技术学院,江苏省,宿迁市,办学地点（档案未命名）,江苏省宿迁市湖滨新区学成路666号,profile,本轮读取第三方档案 · 仅定位至城市，县区待核 · 办学状态仍需官网复核
PROFILE2649_0,4115014283,呼伦贝尔职业技术学院,内蒙古自治区,呼伦贝尔市,办学地点（档案未命名）,呼伦贝尔市中心城新区规划3道街,profile,本轮读取第三方档案 · 仅定位至城市，县区待核 · 办学状态仍需官网复核
PROFILE2628_0,4145013645,南宁理工学院,广西壮族自治区,南宁市,南宁校区,广西南宁市广西-东盟经济技术开发区发展大道16号,profile,本轮读取第三方档案 · 仅定位至城市，县区待核 · 办学状态仍需官网复核
PROFILE2532_1,4123013300,黑龙江工商学院,黑龙江省,哈尔滨市,哈南校区,黑龙江省哈南工业新城崇文路9号,profile,本轮读取第三方档案 · 仅定位至城市，县区待核 · 办学状态仍需官网复核
PROFILE2523_2,4153013326,滇池学院,云南省,昆明市,阳宗海校区,云南省昆明市阳宗海风景名胜区汤池街道,profile,本轮读取第三方档案 · 仅定位至城市，县区待核 · 办学状态仍需官网复核
PROFILE2519_0,4137013373,聊城大学东昌学院,山东省,聊城市,办学地点（档案未命名）,山东省聊城市北外环路266号,profile,本轮读取第三方档案 · 仅定位至城市，县区待核 · 办学状态仍需官网复核
PROFILE2518_1,4137013379,潍坊理工学院,山东省,潍坊市,中心校区,山东省潍坊市经济开发区民主街7777号,profile,本轮读取第三方档案 · 仅定位至城市，县区待核 · 办学状态仍需官网复核
PROFILE2511_0,4137014242,山东理工职业学院,山东省,济宁市,主校区,山东省济宁市太白湖新区济宁大道37号,profile,本轮读取第三方档案 · 仅定位至城市，县区待核 · 办学状态仍需官网复核
PROFILE2506_0,4137013355,烟台工程职业技术学院,山东省,烟台市,办学地点（档案未命名）,山东省烟台市经济技术开发区珠江路92号,profile,本轮读取第三方档案 · 仅定位至城市，县区待核 · 办学状态仍需官网复核
PROFILE2504_0,4151014176,四川现代职业学院,四川省,成都市,办学地点（档案未命名）,四川省成都市西南航空港华创路1号,profile,本轮读取第三方档案 · 仅定位至城市，县区待核 · 办学状态仍需官网复核
PROFILE2500_0,4151014043,四川文化艺术学院,四川省,绵阳市,绵阳校区,四川省绵阳市经开区机场东路83号,profile,本轮读取第三方档案 · 仅定位至城市，县区待核 · 办学状态仍需官网复核
PROFILE2497_1,4151013673,成都外国语学院,四川省,宜宾市,宜宾校区,四川省宜宾市临港经济技术开发区大学城路三段216号,profile,本轮读取第三方档案 · 仅定位至城市，县区待核 · 办学状态仍需官网复核
PROFILE2486_1,4165014138,新疆职业大学,新疆维吾尔自治区,乌鲁木齐市,友好路校区,新疆乌鲁木齐市友好南路413号,profile,本轮读取第三方档案 · 仅定位至城市，县区待核 · 办学状态仍需官网复核
PROFILE2477_0,4143012660,湖南工程学院应用技术学院,湖南省,湘潭市,办学地点（档案未命名）,湖南省湘潭市书院路17号,profile,本轮读取第三方档案 · 仅定位至城市，县区待核 · 办学状态仍需官网复核
PROFILE2464_1,4143012343,湖南生物机电职业技术学院,湖南省,长沙市,马坡岭校区,湖南省长沙市远大二路247号,profile,本轮读取第三方档案 · 仅定位至城市，县区待核 · 办学状态仍需官网复核
PROFILE2460_0,4142013258,湖北工程学院新技术学院,湖北省,孝感市,办学地点（档案未命名）,湖北省孝感市学院路158号,profile,本轮读取第三方档案 · 仅定位至城市，县区待核 · 办学状态仍需官网复核
PROFILE2448_0,4141013504,安阳学院,河南省,安阳市,安阳校区,河南省安阳市中华路南段599号,profile,本轮读取第三方档案 · 仅定位至城市，县区待核 · 办学状态仍需官网复核
PROFILE2447_1,4141014251,驻马店职业技术学院,河南省,驻马店市,北校区,河南省驻马店市学院路和顺河路交叉口西北,profile,本轮读取第三方档案 · 仅定位至城市，县区待核 · 办学状态仍需官网复核
PROFILE2446_0,4141014245,新乡职业技术学院,河南省,新乡市,校本部,河南省新乡经济技术开发区经三路6号,profile,本轮读取第三方档案 · 仅定位至城市，县区待核 · 办学状态仍需官网复核
PROFILE2442_0,4136014167,江西枫林涉外经贸职业学院,江西省,九江市,办学地点（档案未命名）,江西省赣江新区永修组团,profile,本轮读取第三方档案 · 仅定位至城市，县区待核 · 办学状态仍需官网复核
PROFILE2438_0,4136013440,南昌应用技术师范学院,江西省,南昌市,九龙湖校区,江西省南昌市红谷滩新区明月山大道1599号,profile,本轮读取第三方档案 · 仅定位至城市，县区待核 · 办学状态仍需官网复核
PROFILE2434_1,4136013437,南昌医学院,江西省,南昌市,象湖校区,江西省南昌市小蓝经济开发区汇仁大道689号,profile,本轮读取第三方档案 · 仅定位至城市，县区待核 · 办学状态仍需官网复核
PROFILE2433_0,4136013433,南昌航空大学科技学院,江西省,南昌市,办学地点（档案未命名）,江西省南昌市赣江新区共青城市青年大道69号,profile,本轮读取第三方档案 · 仅定位至城市，县区待核 · 办学状态仍需官网复核
PROFILE2430_0,4136013431,南昌交通学院,江西省,南昌市,黄家湖校区,江西省南昌市南昌经济技术开发区广兰大道899号,profile,本轮读取第三方档案 · 仅定位至城市，县区待核 · 办学状态仍需官网复核
PROFILE2426_0,4136014250,江西传媒职业学院,江西省,南昌市,蒋巷校区,江西省南昌市蒋巷西大道266号,profile,本轮读取第三方档案 · 仅定位至城市，县区待核 · 办学状态仍需官网复核
PROFILE2418_0,4134014230,合肥信息技术职业学院,安徽省,合肥市,办学地点（档案未命名）,安徽省合肥市大学城九龙路115号（安徽大学新校区西门南500米）,profile,本轮读取第三方档案 · 仅定位至城市，县区待核 · 办学状态仍需官网复核
PROFILE2415_0,4134014203,皖江工学院,安徽省,马鞍山市,霍里山校区,安徽省马鞍山市霍里山大道333号,profile,本轮读取第三方档案 · 仅定位至城市，县区待核 · 办学状态仍需官网复核
PROFILE2415_1,4134014203,皖江工学院,安徽省,马鞍山市,郑蒲港校区,安徽省马鞍山市郑蒲港新区河海中路666号,profile,本轮读取第三方档案 · 仅定位至城市，县区待核 · 办学状态仍需官网复核
PROFILE2407_0,4134013616,合肥经济学院,安徽省,合肥市,高教基地校区,安徽省合肥市新站区学府路1号,profile,本轮读取第三方档案 · 仅定位至城市，县区待核 · 办学状态仍需官网复核
PROFILE2407_1,4134013616,合肥经济学院,安徽省,合肥市,新桥校区,安徽省新站新桥国际产业园丰收大道22号,profile,本轮读取第三方档案 · 仅定位至城市，县区待核 · 办学状态仍需官网复核
PROFILE2407_2,4134013616,合肥经济学院,安徽省,合肥市,大学城校区,安徽省合肥市经济技术开发区合安路218号,profile,本轮读取第三方档案 · 仅定位至城市，县区待核 · 办学状态仍需官网复核
PROFILE2404_1,4134014191,徽商职业学院,安徽省,合肥市,紫蓬校区,安徽省合肥市紫蓬山森林大道,profile,本轮读取第三方档案 · 仅定位至城市，县区待核 · 办学状态仍需官网复核
PROFILE2401_2,4133013001,宁波财经学院,浙江省,宁波市,杭州湾校区,浙江省宁波市（慈溪）杭州湾新区博华路77号,profile,本轮读取第三方档案 · 仅定位至城市，县区待核 · 办学状态仍需官网复核
PROFILE2395_0,4133013292,中国计量大学现代科技学院,浙江省,杭州市,下沙校区,浙江省杭州市下沙高教园区学源街258号,profile,本轮读取第三方档案 · 仅定位至城市，县区待核 · 办学状态仍需官网复核
PROFILE2388_2,4133013284,温州医科大学仁济学院,浙江省,温州市,茶山校区,浙江省温州市茶山高教园区,profile,本轮读取第三方档案 · 仅定位至城市，县区待核 · 办学状态仍需官网复核
PROFILE2374_0,4145014171,梧州职业学院,广西壮族自治区,梧州市,办学地点（档案未命名）,广西壮族自治区梧州市三龙大道88号,profile,本轮读取第三方档案 · 仅定位至城市，县区待核 · 办学状态仍需官网复核
PROFILE2365_2,4145014220,广西幼儿师范高等专科学校,广西壮族自治区,南宁市,东盟校区,广西东盟经济技术开发区发展大道2号,profile,本轮读取第三方档案 · 仅定位至城市，县区待核 · 办学状态仍需官网复核
PROFILE2364_0,4145010604,广西民族师范学院,广西壮族自治区,崇左市,办学地点（档案未命名）,广西壮族自治区崇左市城南区佛子路23号,profile,本轮读取第三方档案 · 仅定位至城市，县区待核 · 办学状态仍需官网复核
PROFILE2353_0,4121013599,大连艺术学院,辽宁省,大连市,校本部,辽宁省大连市金普新区同汇路19号,profile,本轮读取第三方档案 · 仅定位至城市，县区待核 · 办学状态仍需官网复核
PROFILE2353_1,4121013599,大连艺术学院,辽宁省,大连市,老校区,辽宁省大连市经济技术开发区东北大街92号,profile,本轮读取第三方档案 · 仅定位至城市，县区待核 · 办学状态仍需官网复核
PROFILE2351_1,4121013631,大连东软信息学院,辽宁省,大连市,博川校区,辽宁省大连市高新园区博川路8号,profile,本轮读取第三方档案 · 仅定位至城市，县区待核 · 办学状态仍需官网复核
PROFILE2347_0,4121013213,锦州医科大学医疗学院,辽宁省,锦州市,松山校区,辽宁省锦州市高新技术产业园区昆明街2A号,profile,本轮读取第三方档案 · 仅定位至城市，县区待核 · 办学状态仍需官网复核
PROFILE2347_1,4121013213,锦州医科大学医疗学院,辽宁省,锦州市,滨海校区,辽宁省锦州市经济技术开发区辽东大街10号,profile,本轮读取第三方档案 · 仅定位至城市，县区待核 · 办学状态仍需官网复核
PROFILE2338_0,4121013207,大连科技学院,辽宁省,大连市,办学地点（档案未命名）,辽宁省大连市旅顺经济开发区滨港路999-26号,profile,本轮读取第三方档案 · 仅定位至城市，县区待核 · 办学状态仍需官网复核
PROFILE2334_1,4121014189,辽宁建筑职业学院,辽宁省,辽阳市,南校区,辽宁省辽阳市南郊街11号,profile,本轮读取第三方档案 · 仅定位至城市，县区待核 · 办学状态仍需官网复核
PROFILE2325_0,4114013534,山西工学院,山西省,朔州市,长宁校区,山西省朔州市开发区长宁街11号,profile,本轮读取第三方档案 · 仅定位至城市，县区待核 · 办学状态仍需官网复核
PROFILE2323_0,4114014186,朔州职业技术学院,山西省,朔州市,办学地点（档案未命名）,山西省朔州市张辽南路紫金街1号,profile,本轮读取第三方档案 · 仅定位至城市，县区待核 · 办学状态仍需官网复核
PROFILE2322_1,4114014177,山西经贸职业学院,山西省,太原市,龙山校区,山西省太原市晋祠路三段629号,profile,本轮读取第三方档案 · 仅定位至城市，县区待核 · 办学状态仍需官网复核
PROFILE2315_1,4122013623,长春大学旅游学院,吉林省,长春市,净月校区,吉林省长春市长春净月高新技术产业开发区福祉街道潭西社区福祉大路1595号,profile,本轮读取第三方档案 · 仅定位至城市，县区待核 · 办学状态仍需官网复核
PROFILE2314_0,4122013603,长春财经学院,吉林省,长春市,办学地点（档案未命名）,吉林省长春市净月国家高新技术产业开发区擎天树街58号,profile,本轮读取第三方档案 · 仅定位至城市，县区待核 · 办学状态仍需官网复核
PROFILE2313_1,4122013600,长春光华学院,吉林省,长春市,合肥路校区,吉林省长春市长春经济技术开发区合肥路与富阳街交汇处东,profile,本轮读取第三方档案 · 仅定位至城市，县区待核 · 办学状态仍需官网复核
PROFILE2311_0,4113013400,石家庄理工职业学院,河北省,石家庄市,鹿泉校区,河北省石家庄市中山西路石柏南大街178号,profile,本轮读取第三方档案 · 仅定位至城市，县区待核 · 办学状态仍需官网复核
PROFILE2309_0,4113014158,石家庄人民医学高等专科学校,河北省,石家庄市,南校区,石家庄市红旗大街汇丰路18号,profile,本轮读取第三方档案 · 仅定位至城市，县区待核 · 办学状态仍需官网复核
PROFILE2307_1,4113014259,沧州幼儿师范高等专科学校,河北省,沧州市,沧州校区,河北省沧州市解放东路155号,profile,本轮读取第三方档案 · 仅定位至城市，县区待核 · 办学状态仍需官网复核
PROFILE2305_0,4113013074,河北对外经贸职业学院,河北省,秦皇岛市,办学地点（档案未命名）,河北省秦皇岛市北戴河新区戴河大街6号,profile,本轮读取第三方档案 · 仅定位至城市，县区待核 · 办学状态仍需官网复核
PROFILE2302_1,4112013897,天津理工大学中环信息学院,天津市,天津市,海河园院区,天津海河教育园区雅深路6号,profile,本轮读取第三方档案 · 仅定位至城市，县区待核 · 办学状态仍需官网复核
PROFILE2289_1,4164013820,银川能源学院,宁夏回族自治区,银川市,滨河校区,宁夏银川市滨河新区国际科教城汉关路与星河街路口,profile,本轮读取第三方档案 · 仅定位至城市，县区待核 · 办学状态仍需官网复核
PROFILE2268_0,4152012223,贵州航天职业技术学院,贵州省,遵义市,新蒲大学城校区,贵州省遵义市新蒲新区平安大道,profile,本轮读取第三方档案 · 仅定位至城市，县区待核 · 办学状态仍需官网复核
PROFILE2266_0,4152012107,贵州警察学院,贵州省,贵阳市,办学地点（档案未命名）,贵州省贵阳市双龙航空港经济区见龙洞路175号,profile,本轮读取第三方档案 · 仅定位至城市，县区待核 · 办学状态仍需官网复核
PROFILE2258_0,4161014031,陕西旅游烹饪职业学院,陕西省,西安市,泾河新城校区,陕西省西安市西咸新区泾河新城陕旅大道,profile,本轮读取第三方档案 · 仅定位至城市，县区待核 · 办学状态仍需官网复核
PROFILE2255_0,4161013123,陕西国际商贸学院,陕西省,西安市,办学地点（档案未命名）,陕西省西安市沣渭新区大学园统一西路35号,profile,本轮读取第三方档案 · 仅定位至城市，县区待核 · 办学状态仍需官网复核
PROFILE2253_0,4161013679,西安建筑科技大学华清学院,陕西省,西安市,幸福校区,陕西省西安市幸福南路109号,profile,本轮读取第三方档案 · 仅定位至城市，县区待核 · 办学状态仍需官网复核
PROFILE2250_0,4161013953,铜川职业技术学院,陕西省,铜川市,办学地点（档案未命名）,陕西省铜川市新区朝阳路8号,profile,本轮读取第三方档案 · 仅定位至城市，县区待核 · 办学状态仍需官网复核
PROFILE2248_0,4161013951,渭南职业技术学院,陕西省,渭南市,高新校区,陕西省渭南市高新区胜利大街西段科教园区,profile,本轮读取第三方档案 · 仅定位至城市，县区待核 · 办学状态仍需官网复核
PROFILE2245_0,4161013948,商洛职业技术学院,陕西省,商洛市,办学地点（档案未命名）,陕西省商洛市商鞅大道西段丹南新区,profile,本轮读取第三方档案 · 仅定位至城市，县区待核 · 办学状态仍需官网复核
PROFILE2244_1,4161013947,西安职业技术学院,陕西省,西安市,辛家庙校区,陕西省西安市太元路99号,profile,本轮读取第三方档案 · 仅定位至城市，县区待核 · 办学状态仍需官网复核
PROFILE2243_0,4161013946,咸阳职业技术学院,陕西省,咸阳市,办学地点（档案未命名）,陕西省咸阳市沣河新区统一大道,profile,本轮读取第三方档案 · 仅定位至城市，县区待核 · 办学状态仍需官网复核
PROFILE2242_0,4161013945,西安铁路职业技术学院,陕西省,西安市,港务校区,陕西省西安国际港务区港务大道396号,profile,本轮读取第三方档案 · 仅定位至城市，县区待核 · 办学状态仍需官网复核
PROFILE2241_0,4161013736,陕西邮电职业技术学院,陕西省,咸阳市,咸阳校区,陕西省咸阳市文林路中段,profile,本轮读取第三方档案 · 仅定位至城市，县区待核 · 办学状态仍需官网复核
PROFILE2239_1,4161013566,陕西铁路工程职业技术学院,陕西省,渭南市,高新校区,陕西省渭南市高新区胜利大街西段,profile,本轮读取第三方档案 · 仅定位至城市，县区待核 · 办学状态仍需官网复核
PROFILE2218_0,4132013752,盐城工业职业技术学院,江苏省,盐城市,办学地点（档案未命名）,江苏省盐城市解放南路285号,profile,本轮读取第三方档案 · 仅定位至城市，县区待核 · 办学状态仍需官网复核
PROFILE2216_1,4132013748,无锡城市职业技术学院,江苏省,无锡市,南校区,无锡文良路45号,profile,本轮读取第三方档案 · 仅定位至城市，县区待核 · 办学状态仍需官网复核
PROFILE2213_0,4132013110,宿迁职业技术学院,江苏省,宿迁市,办学地点（档案未命名）,江苏省宿迁市湖滨新城合欢路8号,profile,本轮读取第三方档案 · 仅定位至城市，县区待核 · 办学状态仍需官网复核
PROFILE2211_0,4132012809,苏州工业园区职业技术学院,江苏省,苏州市,办学地点（档案未命名）,江苏省苏州市工业园区独墅湖科教创新区若水路1号,profile,本轮读取第三方档案 · 仅定位至城市，县区待核 · 办学状态仍需官网复核
PROFILE2203_0,4132011050,连云港职业技术学院,江苏省,连云港市,办学地点（档案未命名）,江苏省连云港市晨光路2号,profile,本轮读取第三方档案 · 仅定位至城市，县区待核 · 办学状态仍需官网复核
PROFILE2201_0,4132011051,镇江市高等专科学校,江苏省,镇江市,校本部,江苏省镇江市高校园区长香西大道518号,profile,本轮读取第三方档案 · 仅定位至城市，县区待核 · 办学状态仍需官网复核
PROFILE2195_0,4123014053,黑龙江交通职业技术学院,黑龙江省,哈尔滨市,哈尔滨校区,黑龙江省哈尔滨新区（江北大学城）学院路88号,profile,本轮读取第三方档案 · 仅定位至城市，县区待核 · 办学状态仍需官网复核
PROFILE2190_0,4123010238,齐齐哈尔高等师范专科学校,黑龙江省,齐齐哈尔市,办学地点（档案未命名）,黑龙江省齐齐哈尔市民航路566号,profile,本轮读取第三方档案 · 仅定位至城市，县区待核 · 办学状态仍需官网复核
PROFILE2186_1,4153012851,昆明艺术职业学院,云南省,昆明市,高新校区,昆明国家高新技术产业开发区——昆明新城区高新技术产业基地,profile,本轮读取第三方档案 · 仅定位至城市，县区待核 · 办学状态仍需官网复核
PROFILE2181_1,4153013331,昆明文理学院,云南省,昆明市,杨林校区,云南省昆明市嵩明职教新城文海路1号,profile,本轮读取第三方档案 · 仅定位至城市，县区待核 · 办学状态仍需官网复核
PROFILE2179_2,4153013758,云南林业职业技术学院,云南省,昆明市,石林校区,云南省昆明市石林县环城东路,profile,本轮读取第三方档案 · 仅定位至城市，县区待核 · 办学状态仍需官网复核
PROFILE2178_1,4153013757,云南机电职业技术学院,云南省,昆明市,杨林校区,昆明市嵩明职教新城文苑路1号,profile,本轮读取第三方档案 · 仅定位至城市，县区待核 · 办学状态仍需官网复核
PROFILE2177_0,4153013756,云南国防工业职业技术学院,云南省,昆明市,学府校区,云南省昆明市学府路113号,profile,本轮读取第三方档案 · 仅定位至城市，县区待核 · 办学状态仍需官网复核
PROFILE2175_0,4153013136,云南能源职业技术学院,云南省,曲靖市,麒麟校区,云南省曲靖市职教园区文苑北路,profile,本轮读取第三方档案 · 仅定位至城市，县区待核 · 办学状态仍需官网复核
PROFILE2172_0,4153012559,云南体育运动职业技术学院,云南省,昆明市,办学地点（档案未命名）,云南省昆明市海埂体院路3号,profile,本轮读取第三方档案 · 仅定位至城市，县区待核 · 办学状态仍需官网复核
PROFILE2170_0,4153012556,云南司法警官职业学院,云南省,昆明市,办学地点（档案未命名）,昆明市空港经济区大板桥金盾苑1号,profile,本轮读取第三方档案 · 仅定位至城市，县区待核 · 办学状态仍需官网复核
PROFILE2169_0,4153012555,云南农业职业技术学院,云南省,昆明市,茭菱校区,云南省昆明市茭菱路128号,profile,本轮读取第三方档案 · 仅定位至城市，县区待核 · 办学状态仍需官网复核
PROFILE2167_0,4153012357,云南交通职业技术大学,云南省,昆明市,呈贡校区,云南省昆明市呈贡大学城万青路2056号,profile,本轮读取第三方档案 · 仅定位至城市，县区待核 · 办学状态仍需官网复核
PROFILE2166_1,4153012349,云南国土资源职业学院,云南省,昆明市,经开校区,云南省经济技术开发区经牛路2号,profile,本轮读取第三方档案 · 仅定位至城市，县区待核 · 办学状态仍需官网复核
PROFILE2159_1,4153011557,昆明冶金职业大学,云南省,昆明市,莲华校区,云南省昆明市学府路388号,profile,本轮读取第三方档案 · 仅定位至城市，县区待核 · 办学状态仍需官网复核
PROFILE2155_0,4137013320,青岛黄海学院,山东省,青岛市,办学地点（档案未命名）,山东省青岛市西海岸新区灵海路1145号,profile,本轮读取第三方档案 · 仅定位至城市，县区待核 · 办学状态仍需官网复核
PROFILE2154_0,4137013857,山东华宇工学院,山东省,德州市,办学地点（档案未命名）,山东省德州市大学东路968号,profile,本轮读取第三方档案 · 仅定位至城市，县区待核 · 办学状态仍需官网复核
PROFILE2148_0,4137013874,山东外事职业大学,山东省,威海市,威海校区,山东省威海市乳山银滩AAAA旅游度假区,profile,本轮读取第三方档案 · 仅定位至城市，县区待核 · 办学状态仍需官网复核
PROFILE2141_0,4137013015,青岛恒星科技学院,山东省,青岛市,办学地点（档案未命名）,山东省青岛市九水东路588号,profile,本轮读取第三方档案 · 仅定位至城市，县区待核 · 办学状态仍需官网复核
PROFILE2140_1,4137012842,德州科技职业学院,山东省,德州市,德州校区,山东省德州天衢新区马颊河路2499号,profile,本轮读取第三方档案 · 仅定位至城市，县区待核 · 办学状态仍需官网复核
PROFILE2139_0,4137012844,山东力明科技职业学院,山东省,泰安市,泰安校区,山东省泰安高新区东天门大街999号,profile,本轮读取第三方档案 · 仅定位至城市，县区待核 · 办学状态仍需官网复核
PROFILE2133_0,4137013006,山东英才学院,山东省,济南市,主校区,山东省济南市高新区英才路2号,profile,本轮读取第三方档案 · 仅定位至城市，县区待核 · 办学状态仍需官网复核
PROFILE2133_1,4137013006,山东英才学院,山东省,济南市,北校区,山东省济南市济阳崔寨,profile,本轮读取第三方档案 · 仅定位至城市，县区待核 · 办学状态仍需官网复核
PROFILE2130_0,4137014082,山东司法警官职业学院,山东省,济南市,济南校区,山东省济南市二环东路6997号,profile,本轮读取第三方档案 · 仅定位至城市，县区待核 · 办学状态仍需官网复核
PROFILE2128_0,4137014080,山东城市建设职业学院,山东省,济南市,办学地点（档案未命名）,山东省济南市旅游路东首4657号,profile,本轮读取第三方档案 · 仅定位至城市，县区待核 · 办学状态仍需官网复核
PROFILE2126_0,4137013966,山东药品食品职业学院,山东省,威海市,威海校区,山东省威海市高技术产业开发区科技新城和兴路1510号,profile,本轮读取第三方档案 · 仅定位至城市，县区待核 · 办学状态仍需官网复核
PROFILE2124_0,4137013859,山东铝业职业学院,山东省,威海市,威海校区,山东省威海市南海新区金海路118号,profile,本轮读取第三方档案 · 仅定位至城市，县区待核 · 办学状态仍需官网复核
PROFILE2123_0,4137013858,山东旅游职业学院,山东省,济南市,办学地点（档案未命名）,山东省济南市经十东路3556号,profile,本轮读取第三方档案 · 仅定位至城市，县区待核 · 办学状态仍需官网复核
PROFILE2120_0,4137013323,济南职业学院,山东省,济南市,舜耕校区,山东省济南市舜耕路12号,profile,本轮读取第三方档案 · 仅定位至城市，县区待核 · 办学状态仍需官网复核
PROFILE2118_0,4137013318,山东工业职业学院,山东省,淄博市,办学地点（档案未命名）,山东省淄博市高新区张北路69号,profile,本轮读取第三方档案 · 仅定位至城市，县区待核 · 办学状态仍需官网复核
PROFILE2111_0,4137013008,山东交通职业学院,山东省,潍坊市,潍坊校区,山东省潍坊市渤海路7369号,profile,本轮读取第三方档案 · 仅定位至城市，县区待核 · 办学状态仍需官网复核
PROFILE2109_0,4137012946,山东水利职业学院,山东省,日照市,办学地点（档案未命名）,山东省日照市学苑路677号,profile,本轮读取第三方档案 · 仅定位至城市，县区待核 · 办学状态仍需官网复核
PROFILE2108_0,4137012841,山东服装职业学院,山东省,泰安市,办学地点（档案未命名）,山东省泰安市天烛峰路299号,profile,本轮读取第三方档案 · 仅定位至城市，县区待核 · 办学状态仍需官网复核
PROFILE2103_0,4137012391,潍坊职业学院,山东省,潍坊市,滨海校区,山东省潍坊市滨海经济技术开发区央子街道汉江东一街02999号,profile,本轮读取第三方档案 · 仅定位至城市，县区待核 · 办学状态仍需官网复核
PROFILE2103_1,4137012391,潍坊职业学院,山东省,潍坊市,奎文校区,山东省潍坊市东风东街8029号,profile,本轮读取第三方档案 · 仅定位至城市，县区待核 · 办学状态仍需官网复核
PROFILE2100_1,4137012329,山东劳动职业技术学院,山东省,济南市,槐荫校区,山东省济南市经十路23266号,profile,本轮读取第三方档案 · 仅定位至城市，县区待核 · 办学状态仍需官网复核
PROFILE2099_0,4137012326,威海职业学院,山东省,威海市,办学地点（档案未命名）,山东省威海市科技新城,profile,本轮读取第三方档案 · 仅定位至城市，县区待核 · 办学状态仍需官网复核
PROFILE2094_0,4137011827,山东电力高等专科学校,山东省,济南市,校本部,山东省济南市二环南路500号,profile,本轮读取第三方档案 · 仅定位至城市，县区待核 · 办学状态仍需官网复核
PROFILE2094_1,4137011827,山东电力高等专科学校,山东省,泰安市,泰安龙潭路校区,泰安市龙潭路179号,profile,本轮读取第三方档案 · 仅定位至城市，县区待核 · 办学状态仍需官网复核
PROFILE2094_2,4137011827,山东电力高等专科学校,山东省,泰安市,泰安明堂路校区,泰安市明堂路9号,profile,本轮读取第三方档案 · 仅定位至城市，县区待核 · 办学状态仍需官网复核
PROFILE2090_0,4151014070,四川科技职业学院,四川省,成都市,天府校区,天府新区视高经济开发区花海大道大学路1号,profile,本轮读取第三方档案 · 仅定位至城市，县区待核 · 办学状态仍需官网复核
PROFILE2090_1,4151014070,四川科技职业学院,四川省,成都市,环天府校区,环天府新区天府大道陵州大学城1号,profile,本轮读取第三方档案 · 仅定位至城市，县区待核 · 办学状态仍需官网复核
PROFILE2082_0,4151014010,四川中医药高等专科学校,四川省,绵阳市,主校区,四川省绵阳市教育中路1号,profile,本轮读取第三方档案 · 仅定位至城市，县区待核 · 办学状态仍需官网复核
PROFILE2080_0,4150012758,重庆城市管理职业大学,重庆市,重庆市,大学城校区,重庆高新区虎溪大学城南二路151号,profile,本轮读取第三方档案 · 仅定位至城市，县区待核 · 办学状态仍需官网复核
PROFILE2075_1,4165013094,巴音郭楞职业技术学院,新疆维吾尔自治区,巴音郭楞蒙古自治州,产教融合示范园校区,新疆维吾尔自治区库尔勒经济技术开发区康盛路东四巷36号,profile,本轮读取第三方档案 · 仅定位至城市，县区待核 · 办学状态仍需官网复核
PROFILE2046_1,4143014122,湖南电子科技职业学院,湖南省,长沙市,东校区,湖南省长沙市浏阳经济开发区金阳大道3050号,profile,本轮读取第三方档案 · 仅定位至城市，县区待核 · 办学状态仍需官网复核
PROFILE1985_1,4143011532,湖南财政经济学院,湖南省,长沙市,雷锋校区,湖南省长沙市湘江新区雷锋街道黄桥大道,profile,本轮读取第三方档案 · 仅定位至城市，县区待核 · 办学状态仍需官网复核
PROFILE1982_0,4142014119,湖北科技职业学院,湖北省,武汉市,关山校区,湖北省武汉市东湖高新技术开发区软件园路2号,profile,本轮读取第三方档案 · 仅定位至城市，县区待核 · 办学状态仍需官网复核
PROFILE1981_0,4142013799,黄冈科技职业学院,湖北省,黄冈市,遗爱湖校区,湖北省黄冈市东坡大道62号,profile,本轮读取第三方档案 · 仅定位至城市，县区待核 · 办学状态仍需官网复核
PROFILE1975_0,4142012362,武汉生物工程学院,湖北省,武汉市,办学地点（档案未命名）,湖北省武汉市武汉长江新区汉施路1号,profile,本轮读取第三方档案 · 仅定位至城市，县区待核 · 办学状态仍需官网复核
PROFILE1972_0,4142013246,长江大学文理学院,湖北省,荆州市,办学地点（档案未命名）,湖北省荆州市学苑路33号,profile,本轮读取第三方档案 · 仅定位至城市，县区待核 · 办学状态仍需官网复核
PROFILE1966_1,4142013247,湖北商贸学院,湖北省,咸宁市,咸宁校区,湖北省咸宁市高新区贺胜路508号,profile,本轮读取第三方档案 · 仅定位至城市，县区待核 · 办学状态仍需官网复核
PROFILE1961_0,4142014061,三峡电力职业学院,湖北省,宜昌市,办学地点（档案未命名）,湖北省宜昌市绿萝路36号,profile,本轮读取第三方档案 · 仅定位至城市，县区待核 · 办学状态仍需官网复核
PROFILE1956_0,4142013265,咸宁职业技术学院,湖北省,咸宁市,办学地点（档案未命名）,湖北省咸宁市咸宁大道118号,profile,本轮读取第三方档案 · 仅定位至城市，县区待核 · 办学状态仍需官网复核
PROFILE1952_0,4142012978,武汉软件工程职业学院,湖北省,武汉市,光谷校区,湖北省武汉市东湖新技术开发区光谷大道117号,profile,本轮读取第三方档案 · 仅定位至城市，县区待核 · 办学状态仍需官网复核
PROFILE1946_0,4142011334,湖北工业职业技术学院,湖北省,十堰市,办学地点（档案未命名）,湖北省十堰市北京中路38号,profile,本轮读取第三方档案 · 仅定位至城市，县区待核 · 办学状态仍需官网复核
PROFILE1944_0,4141014062,郑州电力职业技术学院,河南省,郑州市,校本部,河南省郑州市新区商都大街东段1933号,profile,本轮读取第三方档案 · 仅定位至城市，县区待核 · 办学状态仍需官网复核
PROFILE1944_1,4141014062,郑州电力职业技术学院,河南省,开封市,祥符校区,河南省开封市产城融合示范区电力路1号,profile,本轮读取第三方档案 · 仅定位至城市，县区待核 · 办学状态仍需官网复核
PROFILE1939_0,4141013792,郑州职业技术学院,河南省,郑州市,办学地点（档案未命名）,河南省郑州市郑上路081号,profile,本轮读取第三方档案 · 仅定位至城市，县区待核 · 办学状态仍需官网复核
PROFILE1938_1,4141013790,河南农业职业学院,河南省,洛阳市,洛阳校区,河南省洛阳市启明西路2号,profile,本轮读取第三方档案 · 仅定位至城市，县区待核 · 办学状态仍需官网复核
PROFILE1937_1,4141013789,河南交通职业技术学院,河南省,郑州市,东校区,河南省郑州市郑东新区白沙职教园区通惠路259号,profile,本轮读取第三方档案 · 仅定位至城市，县区待核 · 办学状态仍需官网复核
PROFILE1932_1,4141013565,郑州信息科技职业学院,河南省,郑州市,黄河路校区,河南省郑州市郑东新区黄河路124号,profile,本轮读取第三方档案 · 仅定位至城市，县区待核 · 办学状态仍需官网复核
PROFILE1929_0,4141012781,河南司法警官职业学院,河南省,郑州市,办学地点（档案未命名）,河南省郑州市郑龙新区龙子湖高校园区,profile,本轮读取第三方档案 · 仅定位至城市，县区待核 · 办学状态仍需官网复核
PROFILE1927_0,4141012750,周口职业技术学院,河南省,周口市,开元校区,河南省周口市开元大道1号,profile,本轮读取第三方档案 · 仅定位至城市，县区待核 · 办学状态仍需官网复核
PROFILE1927_1,4141012750,周口职业技术学院,河南省,周口市,中州校区,河南省周口市中州大道北段455号,profile,本轮读取第三方档案 · 仅定位至城市，县区待核 · 办学状态仍需官网复核
PROFILE1927_2,4141012750,周口职业技术学院,河南省,周口市,文昌校区,河南省周口市文昌大道东段,profile,本轮读取第三方档案 · 仅定位至城市，县区待核 · 办学状态仍需官网复核
PROFILE1923_0,4141011522,焦作大学,河南省,焦作市,南校区,河南省焦作市人民路3066号,profile,本轮读取第三方档案 · 仅定位至城市，县区待核 · 办学状态仍需官网复核
PROFILE1922_2,4141011068,郑州工程技术学院,河南省,郑州市,航海校区,河南省郑州市京广南路1号,profile,本轮读取第三方档案 · 仅定位至城市，县区待核 · 办学状态仍需官网复核
PROFILE1922_3,4141011068,郑州工程技术学院,河南省,郑州市,龙子湖校区,河南省郑州市郑东新区王新街9号,profile,本轮读取第三方档案 · 仅定位至城市，县区待核 · 办学状态仍需官网复核
PROFILE1921_0,4141012950,焦作师范高等专科学校,河南省,焦作市,山阳路校区,河南省焦作市山阳路998号,profile,本轮读取第三方档案 · 仅定位至城市，县区待核 · 办学状态仍需官网复核
PROFILE1920_0,4141011652,河南财政金融学院,河南省,郑州市,龙子湖校区,河南省郑州市郑东新区龙子湖北路22号,profile,本轮读取第三方档案 · 仅定位至城市，县区待核 · 办学状态仍需官网复核
PROFILE1920_1,4141011652,河南财政金融学院,河南省,郑州市,象湖校区,河南省郑州市郑东新区郑开大道76号,profile,本轮读取第三方档案 · 仅定位至城市，县区待核 · 办学状态仍需官网复核
PROFILE1918_0,4154014085,西藏职业技术学院,西藏自治区,拉萨市,西校区,西藏自治区拉萨市金珠中路金农巷5号,profile,本轮读取第三方档案 · 仅定位至城市，县区待核 · 办学状态仍需官网复核
PROFILE1918_1,4154014085,西藏职业技术学院,西藏自治区,拉萨市,北校区,西藏自治区拉萨市夺底路34号,profile,本轮读取第三方档案 · 仅定位至城市，县区待核 · 办学状态仍需官网复核
PROFILE1912_0,4135012927,泉州华光职业学院,福建省,泉州市,台商校区,福建省泉州市台商投资区洛阳大道489号,profile,本轮读取第三方档案 · 仅定位至城市，县区待核 · 办学状态仍需官网复核
PROFILE1889_0,4135013468,阳光学院,福建省,福州市,校本部,福建省福州市经济技术开发区登龙路99号,profile,本轮读取第三方档案 · 仅定位至城市，县区待核 · 办学状态仍需官网复核
PROFILE1867_0,4135011502,福州职业技术大学,福建省,福州市,旗山校区,福建省福州市大学城联榕路8号,profile,本轮读取第三方档案 · 仅定位至城市，县区待核 · 办学状态仍需官网复核
PROFILE1860_0,4135010398,宁德师范学院,福建省,宁德市,东侨校区,福建省宁德市东侨经济开发区学院路1号,profile,本轮读取第三方档案 · 仅定位至城市，县区待核 · 办学状态仍需官网复核
PROFILE1854_0,4134013342,阜阳科技职业学院,安徽省,阜阳市,办学地点（档案未命名）,安徽省阜阳市清河西路99号,profile,本轮读取第三方档案 · 仅定位至城市，县区待核 · 办学状态仍需官网复核
PROFILE1850_0,4134014135,合肥共达职业技术学院,安徽省,合肥市,办学地点（档案未命名）,安徽省合肥新站高新技术产业开发区九顶山路68号,profile,本轮读取第三方档案 · 仅定位至城市，县区待核 · 办学状态仍需官网复核
PROFILE1848_0,4134012216,安徽新华学院,安徽省,合肥市,办学地点（档案未命名）,安徽省合肥市高新区望江西路555号,profile,本轮读取第三方档案 · 仅定位至城市，县区待核 · 办学状态仍需官网复核
PROFILE1847_0,4134010959,安徽三联学院,安徽省,合肥市,主校区,安徽省合肥市经济技术开发区合安路47号,profile,本轮读取第三方档案 · 仅定位至城市，县区待核 · 办学状态仍需官网复核
PROFILE1845_1,4134013852,安徽工业职业技术学院,安徽省,铜陵市,西湖校区,安徽省铜陵市翠湖四路东段3999号,profile,本轮读取第三方档案 · 仅定位至城市，县区待核 · 办学状态仍需官网复核
PROFILE1842_0,4134013849,安徽审计职业学院,安徽省,合肥市,方兴校区,安徽省合肥市经济技术开发区方兴大道509号,profile,本轮读取第三方档案 · 仅定位至城市，县区待核 · 办学状态仍需官网复核
PROFILE1839_0,4134013846,安徽国际商务职业学院,安徽省,合肥市,办学地点（档案未命名）,安徽省合肥市双凤开发区魏武路001号,profile,本轮读取第三方档案 · 仅定位至城市，县区待核 · 办学状态仍需官网复核
PROFILE1838_0,4134013845,安徽财贸职业学院,安徽省,合肥市,翡翠校区,安徽省合肥市翡翠路900号,profile,本轮读取第三方档案 · 仅定位至城市，县区待核 · 办学状态仍需官网复核
PROFILE1837_1,4134013346,安徽艺术职业学院,安徽省,合肥市,丹霞路校区,安徽省合肥市经济技术开发区丹霞路8号,profile,本轮读取第三方档案 · 仅定位至城市，县区待核 · 办学状态仍需官网复核
PROFILE1834_0,4134013343,亳州职业技术学院,安徽省,亳州市,办学地点（档案未命名）,安徽省亳州市药都路1625号,profile,本轮读取第三方档案 · 仅定位至城市，县区待核 · 办学状态仍需官网复核
PROFILE1833_1,4134013341,安徽中澳科技职业学院,安徽省,合肥市,新桥校区,安徽省新桥国际产业园迎宾大道199号,profile,本轮读取第三方档案 · 仅定位至城市，县区待核 · 办学状态仍需官网复核
PROFILE1830_0,4134013338,安徽城市管理职业学院,安徽省,合肥市,新站校区,合肥市新站高新区淮海大道300号,profile,本轮读取第三方档案 · 仅定位至城市，县区待核 · 办学状态仍需官网复核
PROFILE1830_1,4134013338,安徽城市管理职业学院,安徽省,合肥市,新桥校区,安徽省寿县新桥国际产业园迎宾大道与共建路西南侧,profile,本轮读取第三方档案 · 仅定位至城市，县区待核 · 办学状态仍需官网复核
PROFILE1830_2,4134013338,安徽城市管理职业学院,安徽省,合肥市,经开校区,安徽省合肥市经济技术开发区耕云路158号,profile,本轮读取第三方档案 · 仅定位至城市，县区待核 · 办学状态仍需官网复核
PROFILE1829_0,4134013337,安徽冶金科技职业学院,安徽省,马鞍山市,南校区,安徽省马鞍山市湖西南路555号,profile,本轮读取第三方档案 · 仅定位至城市，县区待核 · 办学状态仍需官网复核
PROFILE1827_0,4134013062,安徽广播影视职业技术学院,安徽省,合肥市,办学地点（档案未命名）,安徽省合肥市新站区文忠路与学府路交口,profile,本轮读取第三方档案 · 仅定位至城市，县区待核 · 办学状态仍需官网复核
PROFILE1825_0,4134013060,池州职业技术学院,安徽省,池州市,办学地点（档案未命名）,安徽省池州市建设西路389号,profile,本轮读取第三方档案 · 仅定位至城市，县区待核 · 办学状态仍需官网复核
PROFILE1824_0,4134013059,滁州职业技术学院,安徽省,滁州市,办学地点（档案未命名）,安徽省滁州市丰乐大道2188号,profile,本轮读取第三方档案 · 仅定位至城市，县区待核 · 办学状态仍需官网复核
PROFILE1823_0,4134013058,合肥职业技术学院,安徽省,合肥市,汇心湖校区,合肥市新站区岱河路2号,profile,本轮读取第三方档案 · 仅定位至城市，县区待核 · 办学状态仍需官网复核
PROFILE1821_1,4134012816,安徽交通职业技术学院,安徽省,合肥市,新桥校区,安徽省新桥国际产业园寿州大道16号,profile,本轮读取第三方档案 · 仅定位至城市，县区待核 · 办学状态仍需官网复核
PROFILE1820_0,4134012814,安徽电子信息职业技术学院,安徽省,蚌埠市,办学地点（档案未命名）,安徽省蚌埠市大学园区曹山路1000号,profile,本轮读取第三方档案 · 仅定位至城市，县区待核 · 办学状态仍需官网复核
PROFILE1818_0,4134012812,宿州职业技术学院,安徽省,宿州市,办学地点（档案未命名）,安徽省宿州市宿符路,profile,本轮读取第三方档案 · 仅定位至城市，县区待核 · 办学状态仍需官网复核
PROFILE1811_0,4134012074,阜阳职业技术学院,安徽省,阜阳市,办学地点（档案未命名）,安徽省阜阳市清河西路1066号,profile,本轮读取第三方档案 · 仅定位至城市，县区待核 · 办学状态仍需官网复核
PROFILE1810_0,4134012073,安徽水利水电职业技术学院,安徽省,合肥市,办学地点（档案未命名）,安徽省合肥市东门合马路18号,profile,本轮读取第三方档案 · 仅定位至城市，县区待核 · 办学状态仍需官网复核
PROFILE1807_0,4134011061,芜湖职业技术大学,安徽省,芜湖市,文津校区,安徽省芜湖市文津西路201号,profile,本轮读取第三方档案 · 仅定位至城市，县区待核 · 办学状态仍需官网复核
PROFILE1807_1,4134011061,芜湖职业技术大学,安徽省,芜湖市,银湖校区,安徽省芜湖市银湖北路62号,profile,本轮读取第三方档案 · 仅定位至城市，县区待核 · 办学状态仍需官网复核
PROFILE1807_2,4134011061,芜湖职业技术大学,安徽省,芜湖市,白马校区,安徽省芜湖市长江南路与白马山路交汇处,profile,本轮读取第三方档案 · 仅定位至城市，县区待核 · 办学状态仍需官网复核
PROFILE1802_0,4134012924,安徽中医药高等专科学校,安徽省,芜湖市,办学地点（档案未命名）,安徽省芜湖市乌霞山西路18号,profile,本轮读取第三方档案 · 仅定位至城市，县区待核 · 办学状态仍需官网复核
PROFILE1801_1,4134014098,合肥师范学院,安徽省,合肥市,滨湖校区,安徽省合肥市黄麓科教园区书香路,profile,本轮读取第三方档案 · 仅定位至城市，县区待核 · 办学状态仍需官网复核
PROFILE1801_2,4134014098,合肥师范学院,安徽省,合肥市,锦绣校区,安徽省合肥市经济技术开发区莲花路1688号,profile,本轮读取第三方档案 · 仅定位至城市，县区待核 · 办学状态仍需官网复核
PROFILE1800_0,4134011306,池州学院,安徽省,池州市,办学地点（档案未命名）,安徽省池州市教育园区,profile,本轮读取第三方档案 · 仅定位至城市，县区待核 · 办学状态仍需官网复核
PROFILE1787_0,4133013742,宁波卫生职业技术学院,浙江省,宁波市,办学地点（档案未命名）,浙江省宁波市高教园区（南区）学府路51号,profile,本轮读取第三方档案 · 仅定位至城市，县区待核 · 办学状态仍需官网复核
PROFILE1786_0,4133013688,浙江邮电职业技术学院,浙江省,绍兴市,绍兴校区,浙江省绍兴市滨海新城开元东路88号,profile,本轮读取第三方档案 · 仅定位至城市，县区待核 · 办学状态仍需官网复核
PROFILE1781_0,4133012874,嘉兴职业技术学院,浙江省,嘉兴市,办学地点（档案未命名）,浙江省嘉兴市桐乡大道547号,profile,本轮读取第三方档案 · 仅定位至城市，县区待核 · 办学状态仍需官网复核
PROFILE1779_0,4133012871,浙江工业职业技术学院,浙江省,绍兴市,梅山校区,浙江省绍兴市曲屯路151号,profile,本轮读取第三方档案 · 仅定位至城市，县区待核 · 办学状态仍需官网复核
PROFILE1779_2,4133012871,浙江工业职业技术学院,浙江省,绍兴市,镜湖校区,浙江省绍兴市站前大道2685号,profile,本轮读取第三方档案 · 仅定位至城市，县区待核 · 办学状态仍需官网复核
PROFILE1774_1,4133012791,浙江工贸职业技术学院,浙江省,温州市,瓯江口校区,浙江省温州市瓯江口产业集聚区雁云路301号,profile,本轮读取第三方档案 · 仅定位至城市，县区待核 · 办学状态仍需官网复核
PROFILE1769_0,4133012036,浙江交通职业技术学院,浙江省,杭州市,杭州校区,浙江省杭州市古墩路1516号,profile,本轮读取第三方档案 · 仅定位至城市，县区待核 · 办学状态仍需官网复核
PROFILE1769_1,4133012036,浙江交通职业技术学院,浙江省,湖州市,长兴校区,浙江省湖州市林城镇新林北路39号,profile,本轮读取第三方档案 · 仅定位至城市，县区待核 · 办学状态仍需官网复核
PROFILE1768_0,4133010864,温州职业技术大学,浙江省,温州市,高教园区校区,浙江省温州市茶山高教园区（温州大学城）,profile,本轮读取第三方档案 · 仅定位至城市，县区待核 · 办学状态仍需官网复核
PROFILE1767_0,4133010863,宁波职业技术大学,浙江省,宁波市,本部校区,浙江省宁波经济技术开发区庐山东路388号,profile,本轮读取第三方档案 · 仅定位至城市，县区待核 · 办学状态仍需官网复核
PROFILE1765_1,4133016207,浙江药科职业大学,浙江省,宁波市,鄞州校区,浙江省宁波市鄞县大道东段888号,profile,本轮读取第三方档案 · 仅定位至城市，县区待核 · 办学状态仍需官网复核
PROFILE1758_0,4145013524,北海艺术设计学院,广西壮族自治区,北海市,办学地点（档案未命名）,广西壮族自治区北海市新世纪大道1号,profile,本轮读取第三方档案 · 仅定位至城市，县区待核 · 办学状态仍需官网复核
PROFILE1756_0,4145013920,广西城市职业大学,广西壮族自治区,崇左市,空港校区,广西壮族自治区南宁空港经济区同正大道655号,profile,本轮读取第三方档案 · 仅定位至城市，县区待核 · 办学状态仍需官网复核
PROFILE1752_1,4145013831,广西电力职业技术学院,广西壮族自治区,南宁市,科园校区,广西壮族自治区南宁市科园大道39号,profile,本轮读取第三方档案 · 仅定位至城市，县区待核 · 办学状态仍需官网复核
PROFILE1744_1,4145016205,广西农业职业技术大学,广西壮族自治区,南宁市,东校区,广西南宁市邕武路24号,profile,本轮读取第三方档案 · 仅定位至城市，县区待核 · 办学状态仍需官网复核
PROFILE1743_0,4145012379,广西国际商务职业技术学院,广西壮族自治区,南宁市,大学路校区,广西壮族自治区南宁市大学东路168号,profile,本轮读取第三方档案 · 仅定位至城市，县区待核 · 办学状态仍需官网复核
PROFILE1743_1,4145012379,广西国际商务职业技术学院,广西壮族自治区,南宁市,东盟经开区校区,广西壮族自治区南宁市东盟经济技术开发区发展大道109号,profile,本轮读取第三方档案 · 仅定位至城市，县区待核 · 办学状态仍需官网复核
PROFILE1742_0,4145012364,广西工业职业技术学院,广西壮族自治区,南宁市,一校区,广西壮族自治区南宁市秀灵路37号,profile,本轮读取第三方档案 · 仅定位至城市，县区待核 · 办学状态仍需官网复核
PROFILE1742_1,4145012364,广西工业职业技术学院,广西壮族自治区,贵港市,二校区,广西贵港市桂林路1118号,profile,本轮读取第三方档案 · 仅定位至城市，县区待核 · 办学状态仍需官网复核
PROFILE1735_0,4145010867,广西机电职业技术学院,广西壮族自治区,南宁市,相思湖校区,广西南宁市大学东路101号,profile,本轮读取第三方档案 · 仅定位至城市，县区待核 · 办学状态仍需官网复核
PROFILE1731_0,4145011825,桂林航天工业学院,广西壮族自治区,桂林市,办学地点（档案未命名）,广西壮族自治区桂林市金鸡路2号,profile,本轮读取第三方档案 · 仅定位至城市，县区待核 · 办学状态仍需官网复核
PROFILE1729_0,4145011546,广西科技师范学院,广西壮族自治区,来宾市,来宾校区,广西壮族自治区来宾市铁北大道966号,profile,本轮读取第三方档案 · 仅定位至城市，县区待核 · 办学状态仍需官网复核
PROFILE1719_0,4162013519,甘肃交通职业技术学院,甘肃省,兰州市,校本部,甘肃省兰州市兰州新区贺兰山大道北段615号,profile,本轮读取第三方档案 · 仅定位至城市，县区待核 · 办学状态仍需官网复核
PROFILE1710_2,4162016209,兰州石化职业技术大学,甘肃省,兰州市,新区校区,甘肃省兰州新区贺兰山大道北段1169号,profile,本轮读取第三方档案 · 仅定位至城市，县区待核 · 办学状态仍需官网复核
PROFILE1707_1,4162011807,兰州工业学院,甘肃省,兰州市,兰州新区校区,兰州市兰州新区长江大道东段1942号,profile,本轮读取第三方档案 · 仅定位至城市，县区待核 · 办学状态仍需官网复核
PROFILE1692_0,4121012900,辽宁石化职业技术学院,辽宁省,锦州市,古塔校区,辽宁省锦州市北京路二段四号,profile,本轮读取第三方档案 · 仅定位至城市，县区待核 · 办学状态仍需官网复核
PROFILE1682_0,4121012063,盘锦职业技术学院,辽宁省,盘锦市,办学地点（档案未命名）,辽宁省盘锦市辽滨沿海经济技术开发区正邦路999号,profile,本轮读取第三方档案 · 仅定位至城市，县区待核 · 办学状态仍需官网复核
PROFILE1673_1,4121010180,锦州师范高等专科学校,辽宁省,锦州市,滨海新校区,辽宁省锦州市经济技术开发区金山大街18号,profile,本轮读取第三方档案 · 仅定位至城市，县区待核 · 办学状态仍需官网复核
PROFILE1669_1,4114012779,山西应用科技学院,山西省,晋中市,太谷校区,山西省晋中市太谷县南寺街5号,profile,本轮读取第三方档案 · 仅定位至城市，县区待核 · 办学状态仍需官网复核
PROFILE1661_0,4114013745,山西电力职业技术学院,山西省,太原市,办学地点（档案未命名）,山西省太原市晋祠路三段160号,profile,本轮读取第三方档案 · 仅定位至城市，县区待核 · 办学状态仍需官网复核
PROFILE1655_1,4114013693,山西警官职业学院,山西省,太原市,分校区,山西省太原市坞城路109号,profile,本轮读取第三方档案 · 仅定位至城市，县区待核 · 办学状态仍需官网复核
PROFILE1649_0,4114012892,山西水利职业技术学院,山西省,运城市,运城校区,山西省运城市安邑庙风西路34号,profile,本轮读取第三方档案 · 仅定位至城市，县区待核 · 办学状态仍需官网复核
PROFILE1643_0,4114012388,长治职业技术学院,山西省,长治市,北校区,山西省长治市捉马东大街51号,profile,本轮读取第三方档案 · 仅定位至城市，县区待核 · 办学状态仍需官网复核
PROFILE1643_2,4114012388,长治职业技术学院,山西省,长治市,南校区,山西省长治市太行欢乐谷东侧,profile,本轮读取第三方档案 · 仅定位至城市，县区待核 · 办学状态仍需官网复核
PROFILE1642_0,4114011242,太原学院,山西省,太原市,汾东校区,山西省太原市唐槐产业园区汾东大街7号,profile,本轮读取第三方档案 · 仅定位至城市，县区待核 · 办学状态仍需官网复核
PROFILE1642_1,4114011242,太原学院,山西省,太原市,滨河校区,山西省太原市南内环街南二巷6号,profile,本轮读取第三方档案 · 仅定位至城市，县区待核 · 办学状态仍需官网复核
PROFILE1642_2,4114011242,太原学院,山西省,太原市,府东校区,山西省太原市杏花岭街2号,profile,本轮读取第三方档案 · 仅定位至城市，县区待核 · 办学状态仍需官网复核
PROFILE1641_0,4114014093,运城幼儿师范高等专科学校,山西省,运城市,办学地点（档案未命名）,山西省运城市空港南区裴相路855号,profile,本轮读取第三方档案 · 仅定位至城市，县区待核 · 办学状态仍需官网复核
PROFILE1637_0,4115011429,内蒙古丰州职业学院,内蒙古自治区,呼和浩特市,校本部,内蒙古自治区呼和浩特市兴安南路59号,profile,本轮读取第三方档案 · 仅定位至城市，县区待核 · 办学状态仍需官网复核
PROFILE1636_0,4115014049,内蒙古北方职业技术学院,内蒙古自治区,呼和浩特市,办学地点（档案未命名）,内蒙古自治区呼和浩特市大学城,profile,本轮读取第三方档案 · 仅定位至城市，县区待核 · 办学状态仍需官网复核
PROFILE1631_1,4115013864,包头钢铁职业技术学院,内蒙古自治区,包头市,白云鄂博分校区,内蒙古自治区包头市白云区通阳道3号,profile,本轮读取第三方档案 · 仅定位至城市，县区待核 · 办学状态仍需官网复核
PROFILE1630_0,4115013741,科尔沁艺术职业学院,内蒙古自治区,通辽市,办学地点（档案未命名）,内蒙古自治区通辽经济开发区辽河大街东段,profile,本轮读取第三方档案 · 仅定位至城市，县区待核 · 办学状态仍需官网复核
PROFILE1623_0,4122013916,长春信息技术职业学院,吉林省,长春市,卓越校区,吉林省长春市高新区卓越大街881号,profile,本轮读取第三方档案 · 仅定位至城市，县区待核 · 办学状态仍需官网复核
PROFILE1623_1,4122013916,长春信息技术职业学院,吉林省,长春市,宜居路校区,吉林省长春市长春高新技术产业开发区硅谷街道宜居社区卓越大街3666号,profile,本轮读取第三方档案 · 仅定位至城市，县区待核 · 办学状态仍需官网复核
PROFILE1621_0,4122013662,长春人文学院,吉林省,长春市,东校区,吉林省长春市净月高新技术产业开发区博硕路1488号,profile,本轮读取第三方档案 · 仅定位至城市，县区待核 · 办学状态仍需官网复核
PROFILE1616_0,4122013161,长春职业技术大学,吉林省,长春市,卫星校区,吉林省长春市长春经济技术开发区临河街道北海社区卫星路3278号,profile,本轮读取第三方档案 · 仅定位至城市，县区待核 · 办学状态仍需官网复核
PROFILE1616_1,4122013161,长春职业技术大学,吉林省,长春市,世纪校区,吉林省长春市长春经济技术开发区世纪街道红星社区净月大街289号,profile,本轮读取第三方档案 · 仅定位至城市，县区待核 · 办学状态仍需官网复核
PROFILE1611_0,4122012049,吉林交通职业技术学院,吉林省,长春市,校本部,吉林省长春市高新区电台街63号,profile,本轮读取第三方档案 · 仅定位至城市，县区待核 · 办学状态仍需官网复核
PROFILE1608_0,4122013743,白城医学高等专科学校,吉林省,白城市,办学地点（档案未命名）,吉林省白城市棉纺路27号,profile,本轮读取第三方档案 · 仅定位至城市，县区待核 · 办学状态仍需官网复核
PROFILE1606_0,4122011441,吉林警察学院,吉林省,长春市,净月校区,吉林省长春市长春净月高新技术产业开发区博硕街道博硕社区博硕路1399号,profile,本轮读取第三方档案 · 仅定位至城市，县区待核 · 办学状态仍需官网复核
PROFILE1589_0,4132012702,无锡商业职业技术学院,江苏省,无锡市,九龙校区,江苏省无锡市钱胡路809号,profile,本轮读取第三方档案 · 仅定位至城市，县区待核 · 办学状态仍需官网复核
PROFILE1588_1,4162012832,兰州外语职业学院,甘肃省,兰州市,兰州新区,甘肃省兰州市新区职教园区长江大道888号,profile,本轮读取第三方档案 · 仅定位至城市，县区待核 · 办学状态仍需官网复核
PROFILE1578_1,4113013593,石家庄铁道大学四方学院,河北省,石家庄市,西校区,河北省石家庄市中山路西北方大学园,profile,本轮读取第三方档案 · 仅定位至城市，县区待核 · 办学状态仍需官网复核
PROFILE1572_1,4152012822,黔东南民族职业技术学院,贵州省,黔东南苗族侗族自治州,万达校区,贵州省丹寨金钟经济开发区长兴大道北侧,profile,本轮读取第三方档案 · 仅定位至城市，县区待核 · 办学状态仍需官网复核
PROFILE1562_0,4152012824,遵义职业技术学院,贵州省,遵义市,新蒲校区,贵州省遵义市新蒲新区大学城长征大道,profile,本轮读取第三方档案 · 仅定位至城市，县区待核 · 办学状态仍需官网复核
PROFILE1562_1,4152012824,遵义职业技术学院,贵州省,遵义市,虾子校区,贵州省遵义市新蒲新区虾子镇文化西路57号,profile,本轮读取第三方档案 · 仅定位至城市，县区待核 · 办学状态仍需官网复核
PROFILE1557_1,4142014035,武汉设计工程学院,湖北省,武汉市,红安校区,湖北省红安经济开发区红安大道特9号,profile,本轮读取第三方档案 · 仅定位至城市，县区待核 · 办学状态仍需官网复核
PROFILE1546_0,4122011436,长春汽车职业技术大学,吉林省,长春市,校本部,吉林省长春市新红旗大街1777号,profile,本轮读取第三方档案 · 仅定位至城市，县区待核 · 办学状态仍需官网复核
PROFILE1546_2,4122011436,长春汽车职业技术大学,吉林省,长春市,前程校区,吉林省长春市长春汽车经济技术开发区前程街道富锋村委会心叶路1333号,profile,本轮读取第三方档案 · 仅定位至城市，县区待核 · 办学状态仍需官网复核
PROFILE1539_0,4113014225,河北东方学院,河北省,廊坊市,主校区,河北省廊坊市开发区东方大学城一期圣陶路,profile,本轮读取第三方档案 · 仅定位至城市，县区待核 · 办学状态仍需官网复核
PROFILE1539_1,4113014225,河北东方学院,河北省,廊坊市,医学院校区,河北省廊坊市开发区东方大学城二期白居易道,profile,本轮读取第三方档案 · 仅定位至城市，县区待核 · 办学状态仍需官网复核
PROFILE1539_2,4113014225,河北东方学院,河北省,廊坊市,文物与艺术学院校区,河北省廊坊市开发区东方大学城一期圣陶路东,profile,本轮读取第三方档案 · 仅定位至城市，县区待核 · 办学状态仍需官网复核
PROFILE1524_1,4115013699,乌兰察布职业学院,内蒙古自治区,乌兰察布市,平地泉校区,内蒙古自治区乌兰察布市察右前旗平地泉镇,profile,本轮读取第三方档案 · 仅定位至城市，县区待核 · 办学状态仍需官网复核
PROFILE1520_0,4141011069,开封大学,河南省,开封市,办学地点（档案未命名）,河南省开封市东京大道,profile,本轮读取第三方档案 · 仅定位至城市，县区待核 · 办学状态仍需官网复核
PROFILE1519_0,4134012926,亳州学院,安徽省,亳州市,南湖校区,安徽省亳州市高新技术产业开发区汤王大道2266号,profile,本轮读取第三方档案 · 仅定位至城市，县区待核 · 办学状态仍需官网复核
PROFILE1519_1,4134012926,亳州学院,安徽省,亳州市,文采校区,安徽省亳州市高新技术产业开发区文采路,profile,本轮读取第三方档案 · 仅定位至城市，县区待核 · 办学状态仍需官网复核
PROFILE1518_0,4141011765,河南城建学院,河南省,平顶山市,主校区,河南省平顶山市新城区龙翔大道,profile,本轮读取第三方档案 · 仅定位至城市，县区待核 · 办学状态仍需官网复核
PROFILE1512_1,4141012747,郑州工业应用技术学院,河南省,郑州市,西校区,河南省郑州市新郑新村镇107国道路东,profile,本轮读取第三方档案 · 仅定位至城市，县区待核 · 办学状态仍需官网复核
PROFILE1499_1,4150012608,重庆工程学院,重庆市,重庆市,双桥校区,重庆市双桥经济开发区西湖大道76号,profile,本轮读取第三方档案 · 仅定位至城市，县区待核 · 办学状态仍需官网复核
PROFILE1481_1,4150010870,重庆航天职业技术学院,重庆市,重庆市,两江校区,重庆市两江新区两江大道1000号,profile,本轮读取第三方档案 · 仅定位至城市，县区待核 · 办学状态仍需官网复核
PROFILE1451_0,4152014011,遵义医药高等专科学校,贵州省,遵义市,办学地点（档案未命名）,贵州省遵义市新蒲新区大学城平安北路8号,profile,本轮读取第三方档案 · 仅定位至城市，县区待核 · 办学状态仍需官网复核
PROFILE1435_1,4132010848,无锡职业技术大学,江苏省,无锡市,宜兴校区,江苏省无锡市宜兴环保科技工业园,profile,本轮读取第三方档案 · 仅定位至城市，县区待核 · 办学状态仍需官网复核
PROFILE1430_0,4141011788,河南警察学院,河南省,郑州市,校本部,河南省郑州市郑东新区龙子湖东路1号,profile,本轮读取第三方档案 · 仅定位至城市，县区待核 · 办学状态仍需官网复核
PROFILE1430_1,4141011788,河南警察学院,河南省,开封市,开封校区,河南省开封市开封市市辖区东京大道,profile,本轮读取第三方档案 · 仅定位至城市，县区待核 · 办学状态仍需官网复核
PROFILE1429_0,4134012925,安徽第二医学院,安徽省,淮南市,新桥校区,安徽省淮南市新桥国际产业园迎宾大道与寿州大道交口,profile,本轮读取第三方档案 · 仅定位至城市，县区待核 · 办学状态仍需官网复核
PROFILE1428_1,4114012774,晋城职业技术学院,山西省,晋城市,凤台校区,晋城市凤台东街1658号,profile,本轮读取第三方档案 · 仅定位至城市，县区待核 · 办学状态仍需官网复核
PROFILE1424_0,4142012991,武汉商贸职业学院,湖北省,武汉市,武汉校区,湖北省武汉市东湖新技术开发区光谷二路225号,profile,本轮读取第三方档案 · 仅定位至城市，县区待核 · 办学状态仍需官网复核
PROFILE1424_1,4142012991,武汉商贸职业学院,湖北省,武汉市,红安校区,湖北省红安经济开发区金山大道18号,profile,本轮读取第三方档案 · 仅定位至城市，县区待核 · 办学状态仍需官网复核
PROFILE1420_3,4114013528,山西职业技术学院,山西省,晋中市,榆次校区,山西省晋中市榆次工业园区兴业街6号,profile,本轮读取第三方档案 · 仅定位至城市，县区待核 · 办学状态仍需官网复核
PROFILE1419_0,4122013601,长春工业大学人文信息学院,吉林省,长春市,校本部,吉林省长春净月国家高新技术产业开发区福祉大路1016号,profile,本轮读取第三方档案 · 仅定位至城市，县区待核 · 办学状态仍需官网复核
PROFILE1418_0,4132012703,江苏航运职业技术学院,江苏省,南通市,办学地点（档案未命名）,江苏省南通市经济技术开发区通盛大道185号,profile,本轮读取第三方档案 · 仅定位至城市，县区待核 · 办学状态仍需官网复核
PROFILE1412_0,4132012685,苏州经贸职业技术学院,江苏省,苏州市,办学地点（档案未命名）,江苏省苏州市国际教育园北区学府路287号,profile,本轮读取第三方档案 · 仅定位至城市，县区待核 · 办学状态仍需官网复核
PROFILE1410_1,4141010842,三门峡职业技术学院,河南省,三门峡市,灵凤湖校区,河南省三门峡市高新区学府路3号,profile,本轮读取第三方档案 · 仅定位至城市，县区待核 · 办学状态仍需官网复核
PROFILE1409_1,4122013605,长春建筑学院,吉林省,长春市,高新校区,吉林省长春市长春高新技术产业开发区双德街道阳光社区火炬路1519号,profile,本轮读取第三方档案 · 仅定位至城市，县区待核 · 办学状态仍需官网复核
PROFILE1408_0,4113013411,河北师范大学汇华学院,河北省,石家庄市,办学地点（档案未命名）,河北省石家庄市红旗大街469号,profile,本轮读取第三方档案 · 仅定位至城市，县区待核 · 办学状态仍需官网复核
PROFILE1407_0,4134014192,马鞍山职业技术学院,安徽省,马鞍山市,办学地点（档案未命名）,安徽省马鞍山市霍里山中路328号,profile,本轮读取第三方档案 · 仅定位至城市，县区待核 · 办学状态仍需官网复核
PROFILE1401_0,4113013899,北京中医药大学东方学院,河北省,廊坊市,廊坊校区,河北省廊坊市东方大学城教学南区,profile,本轮读取第三方档案 · 仅定位至城市，县区待核 · 办学状态仍需官网复核
PROFILE1401_1,4113013899,北京中医药大学东方学院,河北省,沧州市,渤海校区,河北省沧州市渤海新区中捷产业园区渤海3号路东段,profile,本轮读取第三方档案 · 仅定位至城市，县区待核 · 办学状态仍需官网复核
PROFILE1394_0,4115012674,内蒙古机电职业技术学院,内蒙古自治区,呼和浩特市,赛罕校区,内蒙古自治区呼和浩特市大学城学府路1号,profile,本轮读取第三方档案 · 仅定位至城市，县区待核 · 办学状态仍需官网复核
PROFILE1392_0,4165013562,新疆建设职业技术学院,新疆维吾尔自治区,乌鲁木齐市,建工校区,乌鲁木齐市西八家户路528号,profile,本轮读取第三方档案 · 仅定位至城市，县区待核 · 办学状态仍需官网复核
PROFILE1392_1,4165013562,新疆建设职业技术学院,新疆维吾尔自治区,乌鲁木齐市,城建校区,乌鲁木齐市杭州西街272号,profile,本轮读取第三方档案 · 仅定位至城市，县区待核 · 办学状态仍需官网复核
PROFILE1392_2,4165013562,新疆建设职业技术学院,新疆维吾尔自治区,乌鲁木齐市,建材校区,乌鲁木齐市河滩北路863号,profile,本轮读取第三方档案 · 仅定位至城市，县区待核 · 办学状态仍需官网复核
PROFILE1388_0,4132012688,苏州卫生职业技术学院,江苏省,苏州市,石湖校区,江苏省苏州市国际教育园北区科华路28号,profile,本轮读取第三方档案 · 仅定位至城市，县区待核 · 办学状态仍需官网复核
PROFILE1383_0,4161012830,陕西交通职业技术学院,陕西省,西安市,文景校区,陕西省西安市文景路19号,profile,本轮读取第三方档案 · 仅定位至城市，县区待核 · 办学状态仍需官网复核
PROFILE1383_1,4161012830,陕西交通职业技术学院,陕西省,西安市,自强校区,陕西省西安市自强西路289号,profile,本轮读取第三方档案 · 仅定位至城市，县区待核 · 办学状态仍需官网复核
PROFILE1374_1,4145010607,广西艺术学院,广西壮族自治区,南宁市,相思湖校区,广西壮族自治区南宁市乡塘区罗文大道8号,profile,本轮读取第三方档案 · 仅定位至城市，县区待核 · 办学状态仍需官网复核
PROFILE1369_0,4137012441,聊城职业技术学院,山东省,聊城市,南校区,山东省聊城市花园北路133号,profile,本轮读取第三方档案 · 仅定位至城市，县区待核 · 办学状态仍需官网复核
PROFILE1356_0,4142014099,湖北第二师范学院,湖北省,武汉市,办学地点（档案未命名）,湖北省武汉市东湖新技术开发区高新二路129号,profile,本轮读取第三方档案 · 仅定位至城市，县区待核 · 办学状态仍需官网复核
PROFILE1343_0,4132016403,西交利物浦大学,江苏省,苏州市,校本部,江苏省苏州市苏州工业园区独墅湖科教创新区仁爱路111号,profile,本轮读取第三方档案 · 仅定位至城市，县区待核 · 办学状态仍需官网复核
PROFILE1336_0,4137012062,日照职业技术大学,山东省,日照市,卧龙山校区,山东省日照市烟台北路16号,profile,本轮读取第三方档案 · 仅定位至城市，县区待核 · 办学状态仍需官网复核
PROFILE1333_1,4165010995,新疆农业职业技术大学,新疆维吾尔自治区,乌鲁木齐市,乌鲁木齐校区,新疆维吾尔自治区乌鲁木齐市喀什东路792号,profile,本轮读取第三方档案 · 仅定位至城市，县区待核 · 办学状态仍需官网复核
PROFILE1330_0,4132013104,江苏食品药品职业技术学院,江苏省,淮安市,办学地点（档案未命名）,江苏省淮安市高教园区枚乘路4号,profile,本轮读取第三方档案 · 仅定位至城市，县区待核 · 办学状态仍需官网复核
PROFILE1279_0,4137014100,山东政法学院,山东省,济南市,校本部,山东省济南市解放东路63号,profile,本轮读取第三方档案 · 仅定位至城市，县区待核 · 办学状态仍需官网复核
PROFILE1277_0,4153013332,昆明医科大学海源学院,云南省,昆明市,杨林校区,云南省昆明市嵩明职教新城文苑路1号,profile,本轮读取第三方档案 · 仅定位至城市，县区待核 · 办学状态仍需官网复核
PROFILE1277_1,4153013332,昆明医科大学海源学院,云南省,昆明市,高新校区,云南省昆明市高新技术产业开发区海源北路389号,profile,本轮读取第三方档案 · 仅定位至城市，县区待核 · 办学状态仍需官网复核
PROFILE1259_1,4145011838,贺州学院,广西壮族自治区,贺州市,东校区,广西壮族自治区贺州市西约街169号,profile,本轮读取第三方档案 · 仅定位至城市，县区待核 · 办学状态仍需官网复核
PROFILE1258_2,4113010798,河北科技师范学院,河北省,秦皇岛市,开发区校区,河北省秦皇岛经济技术开发区秦皇西大街106号,profile,本轮读取第三方档案 · 仅定位至城市，县区待核 · 办学状态仍需官网复核
PROFILE1257_0,4114010122,长治学院,山西省,长治市,北校区,山西省长治市保宁门东街73号,profile,本轮读取第三方档案 · 仅定位至城市，县区待核 · 办学状态仍需官网复核
PROFILE1257_1,4114010122,长治学院,山西省,长治市,南校区,山西省长治市东环路中段96号,profile,本轮读取第三方档案 · 仅定位至城市，县区待核 · 办学状态仍需官网复核
PROFILE1251_0,4145011354,梧州学院,广西壮族自治区,梧州市,办学地点（档案未命名）,广西壮族自治区梧州市富民三路82号,profile,本轮读取第三方档案 · 仅定位至城市，县区待核 · 办学状态仍需官网复核
PROFILE1250_0,4135011312,龙岩学院,福建省,龙岩市,办学地点（档案未命名）,福建省龙岩市东肖北路1号,profile,本轮读取第三方档案 · 仅定位至城市，县区待核 · 办学状态仍需官网复核
PROFILE1245_0,4137010868,青岛滨海学院,山东省,青岛市,小珠山校区,山东省青岛市西海岸新区嘉陵江西路425号,profile,本轮读取第三方档案 · 仅定位至城市，县区待核 · 办学状态仍需官网复核
PROFILE1245_1,4137010868,青岛滨海学院,山东省,青岛市,大珠山校区,山东省青岛市西海岸新区山川路1568号,profile,本轮读取第三方档案 · 仅定位至城市，县区待核 · 办学状态仍需官网复核
PROFILE1238_0,4137010443,济宁医学院,山东省,济宁市,太白湖校区,山东省济宁市太白湖新区荷花路133号,profile,本轮读取第三方档案 · 仅定位至城市，县区待核 · 办学状态仍需官网复核
PROFILE1216_0,4133016301,宁波诺丁汉大学,浙江省,宁波市,办学地点（档案未命名）,浙江省宁波市泰康东路199号,profile,本轮读取第三方档案 · 仅定位至城市，县区待核 · 办学状态仍需官网复核
PROFILE1196_0,4134010369,安徽中医药大学,安徽省,合肥市,少荃湖校区,安徽省合肥市新站区龙子湖路350号,profile,本轮读取第三方档案 · 仅定位至城市，县区待核 · 办学状态仍需官网复核
PROFILE1195_0,4112014021,天津生物工程职业技术学院,天津市,天津市,主校区,天津市开发区西区南大街175号,profile,本轮读取第三方档案 · 仅定位至城市，县区待核 · 办学状态仍需官网复核
PROFILE1191_0,4132012681,无锡科技职业学院,江苏省,无锡市,办学地点（档案未命名）,江苏省无锡市新锡路8号,profile,本轮读取第三方档案 · 仅定位至城市，县区待核 · 办学状态仍需官网复核
PROFILE1189_2,4133011058,宁波工程学院,浙江省,宁波市,前湾校区,浙江省宁波市前湾新区滨海二路769号,profile,本轮读取第三方档案 · 仅定位至城市，县区待核 · 办学状态仍需官网复核
PROFILE1180_0,4134010379,宿州学院,安徽省,宿州市,教育园区校区,安徽省宿州市学府大道1769号,profile,本轮读取第三方档案 · 仅定位至城市，县区待核 · 办学状态仍需官网复核
PROFILE1180_1,4134010379,宿州学院,安徽省,宿州市,汴河路校区,安徽省宿州市汴河中路49号,profile,本轮读取第三方档案 · 仅定位至城市，县区待核 · 办学状态仍需官网复核
PROFILE1177_0,4151011553,成都轻工职业技术大学,四川省,成都市,犀浦校区,四川省成都市犀浦泰山南街186号,profile,本轮读取第三方档案 · 仅定位至城市，县区待核 · 办学状态仍需官网复核
PROFILE1176_0,4142013235,武汉城市学院,湖北省,武汉市,校本部,湖北省武汉市东湖生态旅游风景管理区黄家大湾1号,profile,本轮读取第三方档案 · 仅定位至城市，县区待核 · 办学状态仍需官网复核
PROFILE1172_0,4141011787,濮阳职业技术学院,河南省,濮阳市,办学地点（档案未命名）,河南省濮阳市经济技术开发区黄河西路249号,profile,本轮读取第三方档案 · 仅定位至城市，县区待核 · 办学状态仍需官网复核
PROFILE1170_0,4132014160,宿迁学院,江苏省,宿迁市,办学地点（档案未命名）,江苏省宿迁市黄河南路399号,profile,本轮读取第三方档案 · 仅定位至城市，县区待核 · 办学状态仍需官网复核
PROFILE1166_1,4121013217,辽宁理工学院,辽宁省,锦州市,滨海校区,辽宁省锦州市滨海新区金山大街二段3号,profile,本轮读取第三方档案 · 仅定位至城市，县区待核 · 办学状态仍需官网复核
PROFILE1161_0,4141013500,商丘工学院,河南省,商丘市,长江路校区,河南省商丘市睢阳大道中段236号,profile,本轮读取第三方档案 · 仅定位至城市，县区待核 · 办学状态仍需官网复核
PROFILE1161_1,4141013500,商丘工学院,河南省,商丘市,阳光路校区,河南省商丘市阳光路188号,profile,本轮读取第三方档案 · 仅定位至城市，县区待核 · 办学状态仍需官网复核
PROFILE1156_0,4141010843,郑州铁路职业技术大学,河南省,郑州市,新校区,郑州市郑东新区通惠路298号,profile,本轮读取第三方档案 · 仅定位至城市，县区待核 · 办学状态仍需官网复核
PROFILE1153_0,4115013824,内蒙古交通职业技术学院,内蒙古自治区,赤峰市,办学地点（档案未命名）,内蒙古自治区赤峰市新城王府大街2号,profile,本轮读取第三方档案 · 仅定位至城市，县区待核 · 办学状态仍需官网复核
PROFILE1148_0,4141013507,郑州工商学院,河南省,郑州市,郑州校区,河南省郑州市郑东新区前程大道169号,profile,本轮读取第三方档案 · 仅定位至城市，县区待核 · 办学状态仍需官网复核
PROFILE1145_0,4132012689,东南大学成贤学院,江苏省,南京市,办学地点（档案未命名）,江苏省南京市江北新区东大路6号,profile,本轮读取第三方档案 · 仅定位至城市，县区待核 · 办学状态仍需官网复核
PROFILE1143_0,4132013842,南京理工大学泰州科技学院,江苏省,泰州市,办学地点（档案未命名）,江苏省泰州市梅兰东路8号,profile,本轮读取第三方档案 · 仅定位至城市，县区待核 · 办学状态仍需官网复核
PROFILE1131_0,4151013665,电子科技大学成都学院,四川省,成都市,成都校区,四川省成都市高新西区百叶路1号,profile,本轮读取第三方档案 · 仅定位至城市，县区待核 · 办学状态仍需官网复核
PROFILE1128_0,4161013568,陕西航空职业技术学院,陕西省,汉中市,南郑校区,陕西省汉中市大河坎镇李家营（经济开发南区）,profile,本轮读取第三方档案 · 仅定位至城市，县区待核 · 办学状态仍需官网复核
PROFILE1127_0,4161014028,陕西青年职业学院,陕西省,西安市,含光校区,陕西省西安市含光北路155号,profile,本轮读取第三方档案 · 仅定位至城市，县区待核 · 办学状态仍需官网复核
PROFILE1124_0,4142013236,三峡大学科技学院,湖北省,宜昌市,校本部,湖北省宜昌市大学路18号,profile,本轮读取第三方档案 · 仅定位至城市，县区待核 · 办学状态仍需官网复核
PROFILE1114_1,4141013508,郑州经贸学院,河南省,郑州市,北校区,河南省郑州市中原中路41号,profile,本轮读取第三方档案 · 仅定位至城市，县区待核 · 办学状态仍需官网复核
PROFILE1106_1,4142010956,长江职业学院,湖北省,武汉市,武汉新城校区,湖北省葛店经济开发区电商大道1号,profile,本轮读取第三方档案 · 仅定位至城市，县区待核 · 办学状态仍需官网复核
PROFILE1100_0,4141013782,商丘医学高等专科学校,河南省,商丘市,办学地点（档案未命名）,河南省商丘市城乡一体化示范区迎宾路666号,profile,本轮读取第三方档案 · 仅定位至城市，县区待核 · 办学状态仍需官网复核
PROFILE1099_0,4142013666,武汉华夏理工学院,湖北省,武汉市,办学地点（档案未命名）,湖北省武汉市东湖新技术开发区关山大道589号,profile,本轮读取第三方档案 · 仅定位至城市，县区待核 · 办学状态仍需官网复核
PROFILE1086_0,4151010653,成都体育学院,四川省,成都市,东部新区校区,四川省成都市东部新区环湖北路1942号,profile,本轮读取第三方档案 · 仅定位至城市，县区待核 · 办学状态仍需官网复核
PROFILE1084_2,4151010641,宜宾学院,四川省,宜宾市,临港校区,四川省宜宾市临港经济技术开发区大学城路三段5号,profile,本轮读取第三方档案 · 仅定位至城市，县区待核 · 办学状态仍需官网复核
PROFILE1082_0,4151010639,绵阳师范学院,四川省,绵阳市,高新校区,四川省绵阳市高新区绵兴西路166号,profile,本轮读取第三方档案 · 仅定位至城市，县区待核 · 办学状态仍需官网复核
PROFILE1069_0,4132010958,江苏工程职业技术学院,江苏省,南通市,崇川校区,江苏省南通市青年中路87号,profile,本轮读取第三方档案 · 仅定位至城市，县区待核 · 办学状态仍需官网复核
PROFILE1068_0,4142012983,湖北城市建设职业技术学院,湖北省,武汉市,办学地点（档案未命名）,湖北省武汉市东湖高新技术开发区藏龙大道28号,profile,本轮读取第三方档案 · 仅定位至城市，县区待核 · 办学状态仍需官网复核
PROFILE1067_0,4121011430,辽宁科技学院,辽宁省,本溪市,办学地点（档案未命名）,辽宁省本溪市高新技术产业开发区香槐路176号,profile,本轮读取第三方档案 · 仅定位至城市，县区待核 · 办学状态仍需官网复核
PROFILE1062_0,4123010231,哈尔滨师范大学,黑龙江省,哈尔滨市,松北校区,黑龙江省哈尔滨市利民经济开发区师大路1号,profile,本轮读取第三方档案 · 仅定位至城市，县区待核 · 办学状态仍需官网复核
PROFILE1044_0,4153011393,昆明学院,云南省,昆明市,校本部,云南省昆明市昆明国家经济技术开发区浦新路2号,profile,本轮读取第三方档案 · 仅定位至城市，县区待核 · 办学状态仍需官网复核
PROFILE1031_1,4144011540,广东金融学院,广东省,肇庆市,肇庆校区,广东省肇庆市星湖石牌,profile,本轮读取第三方档案 · 仅定位至城市，县区待核 · 办学状态仍需官网复核
PROFILE1021_1,4135010393,福建中医药大学,福建省,福州市,屏山校区,福建省福州市五四路282号,profile,本轮读取第三方档案 · 仅定位至城市，县区待核 · 办学状态仍需官网复核
PROFILE1017_1,4143013041,长沙南方职业学院,湖南省,长沙市,方舟校区,湖南省长沙市湘江新区金山桥培文路,profile,本轮读取第三方档案 · 仅定位至城市，县区待核 · 办学状态仍需官网复核
PROFILE1015_0,4142012980,随州职业技术学院,湖北省,随州市,办学地点（档案未命名）,湖北省随州市迎宾大道38号,profile,本轮读取第三方档案 · 仅定位至城市，县区待核 · 办学状态仍需官网复核
PROFILE1014_0,4122011439,吉林农业科技学院,吉林省,吉林市,九站校区,吉林省吉林市吉林经济技术开发区翰林路77号,profile,本轮读取第三方档案 · 仅定位至城市，县区待核 · 办学状态仍需官网复核
PROFILE990_1,4144013928,广州华立科技职业学院,广东省,云浮市,云浮校区,广东省云浮市西江新城云祥大道53号,profile,本轮读取第三方档案 · 仅定位至城市，县区待核 · 办学状态仍需官网复核
PROFILE976_1,4144013721,广东工商职业技术大学,广东省,肇庆市,大旺校区,广东省肇庆市大旺高新产业开发区荔园街3号,profile,本轮读取第三方档案 · 仅定位至城市，县区待核 · 办学状态仍需官网复核
PROFILE968_1,4144013810,肇庆医学院,广东省,肇庆市,新区校区,广东省肇庆市肇庆新区丰乐路12号,profile,本轮读取第三方档案 · 仅定位至城市，县区待核 · 办学状态仍需官网复核
PROFILE959_0,4136012934,江西环境工程职业学院,江西省,赣州市,办学地点（档案未命名）,江西省赣州市经开区东江源大道555号,profile,本轮读取第三方档案 · 仅定位至城市，县区待核 · 办学状态仍需官网复核
PROFILE957_2,4136012766,江西工程学院,江西省,新余市,仙女湖校区,江西省新余市仙女湖大道2828号,profile,本轮读取第三方档案 · 仅定位至城市，县区待核 · 办学状态仍需官网复核
PROFILE956_0,4136012944,江西工业工程职业技术学院,江西省,萍乡市,办学地点（档案未命名）,江西省萍乡市经济开发区玉湖东路106号,profile,本轮读取第三方档案 · 仅定位至城市，县区待核 · 办学状态仍需官网复核
PROFILE955_0,4136013427,江西建设职业技术学院,江西省,南昌市,小蓝校区,江西省南昌小蓝经济开发区汇仁大道999号,profile,本轮读取第三方档案 · 仅定位至城市，县区待核 · 办学状态仍需官网复核
PROFILE955_1,4136013427,江西建设职业技术学院,江西省,南昌市,红谷滩校区,江西省南昌市昌北庐山南大道1659号,profile,本轮读取第三方档案 · 仅定位至城市，县区待核 · 办学状态仍需官网复核
PROFILE955_3,4136013427,江西建设职业技术学院,江西省,南昌市,经开校区,江西省南昌市经济技术开发区黄家湖西路1588号,profile,本轮读取第三方档案 · 仅定位至城市，县区待核 · 办学状态仍需官网复核
PROFILE954_0,4136012937,鹰潭职业技术学院,江西省,鹰潭市,校本部,江西省鹰潭市信江新区滨江东路2号,profile,本轮读取第三方档案 · 仅定位至城市，县区待核 · 办学状态仍需官网复核
PROFILE950_1,4136012936,江西艺术职业学院,江西省,南昌市,志敏大道校区,江西省南昌市经济技术开发区方志敏大道1799号,profile,本轮读取第三方档案 · 仅定位至城市，县区待核 · 办学状态仍需官网复核
PROFILE949_2,4136012941,江西财经职业学院,江西省,九江市,八里湖校区,江西省九江市八里湖新区八里湖大道216号,profile,本轮读取第三方档案 · 仅定位至城市，县区待核 · 办学状态仍需官网复核
PROFILE947_0,4136013870,上饶职业技术学院,江西省,上饶市,办学地点（档案未命名）,江西省上饶市旭日北大道358号,profile,本轮读取第三方档案 · 仅定位至城市，县区待核 · 办学状态仍需官网复核
PROFILE946_0,4136013867,江西制造职业技术学院,江西省,南昌市,艾溪湖校区,江西省南昌市紫阳大道318号,profile,本轮读取第三方档案 · 仅定位至城市，县区待核 · 办学状态仍需官网复核
PROFILE943_0,4136012976,江西机电职业技术学院,江西省,南昌市,下罗校区,江西省南昌市昌北经济开发区枫林大道168号,profile,本轮读取第三方档案 · 仅定位至城市，县区待核 · 办学状态仍需官网复核
PROFILE943_2,4136012976,江西机电职业技术学院,江西省,南昌市,赣新校区,江西省赣江新区永修组团湖东新区样式雷大道1号,profile,本轮读取第三方档案 · 仅定位至城市，县区待核 · 办学状态仍需官网复核
PROFILE942_0,4136013869,江西青年职业学院,江西省,南昌市,办学地点（档案未命名）,江西省南昌市经济技术开发区志敏大道1458号,profile,本轮读取第三方档案 · 仅定位至城市，县区待核 · 办学状态仍需官网复核
PROFILE940_0,4136012932,江西旅游商贸职业学院,江西省,南昌市,办学地点（档案未命名）,江西省南昌市经济技术开发区丁香路1号,profile,本轮读取第三方档案 · 仅定位至城市，县区待核 · 办学状态仍需官网复核
PROFILE926_0,4136013422,江西外语外贸职业大学,江西省,南昌市,瑶湖校区,江西省南昌市天祥大道291号,profile,本轮读取第三方档案 · 仅定位至城市，县区待核 · 办学状态仍需官网复核
PROFILE914_0,4136013428,抚州职业技术学院,江西省,抚州市,办学地点（档案未命名）,江西省抚州市东临路276号,profile,本轮读取第三方档案 · 仅定位至城市，县区待核 · 办学状态仍需官网复核
PROFILE913_0,4136012940,江西交通职业技术学院,江西省,南昌市,经开区校区,江西省南昌经济技术开发区双港东大街644支路395号,profile,本轮读取第三方档案 · 仅定位至城市，县区待核 · 办学状态仍需官网复核
PROFILE909_2,4136013420,南昌职业大学,江西省,南昌市,湾里校区,江西省南昌市湾里区翠岩路200号,profile,本轮读取第三方档案 · 仅定位至城市，县区待核 · 办学状态仍需官网复核
PROFILE908_0,4136013424,宜春职业技术学院,江西省,宜春市,校本部,江西省宜春市锦绣大道996号,profile,本轮读取第三方档案 · 仅定位至城市，县区待核 · 办学状态仍需官网复核
PROFILE908_1,4136013424,宜春职业技术学院,江西省,宜春市,北校区,江西省宜春市中心城区中山西路399号,profile,本轮读取第三方档案 · 仅定位至城市，县区待核 · 办学状态仍需官网复核
PROFILE904_0,4136012943,江西现代职业技术学院,江西省,南昌市,艾溪湖校区,江西省南昌市昌东大学园区紫阳大道338号,profile,本轮读取第三方档案 · 仅定位至城市，县区待核 · 办学状态仍需官网复核
PROFILE902_0,4141011828,郑州电力高等专科学校,河南省,郑州市,办学地点（档案未命名）,郑州市郑东新区凤栖街296号,profile,本轮读取第三方档案 · 仅定位至城市，县区待核 · 办学状态仍需官网复核
PROFILE895_3,4136010839,江西工业职业技术学院,江西省,南昌市,化工校区,江西省南昌市东郊江西氨厂侧,profile,本轮读取第三方档案 · 仅定位至城市，县区待核 · 办学状态仍需官网复核
PROFILE895_4,4136010839,江西工业职业技术学院,江西省,南昌市,瑶湖校区,江西省南昌市昌东高校园区高新区天祥大道388号,profile,本轮读取第三方档案 · 仅定位至城市，县区待核 · 办学状态仍需官网复核
PROFILE888_0,4136010895,萍乡学院,江西省,萍乡市,办学地点（档案未命名）,江西省萍乡市萍安北大道211号,profile,本轮读取第三方档案 · 仅定位至城市，县区待核 · 办学状态仍需官网复核
PROFILE886_0,4141012735,郑州警察学院,河南省,郑州市,农业路校区,河南省郑州市农业路31号,profile,本轮读取第三方档案 · 仅定位至城市，县区待核 · 办学状态仍需官网复核
PROFILE884_1,4141010918,黄淮学院,河南省,驻马店市,医学院校区,河南省驻马店市盘龙山路北段2628号,profile,本轮读取第三方档案 · 仅定位至城市，县区待核 · 办学状态仍需官网复核
PROFILE880_0,4141010919,平顶山学院,河南省,平顶山市,湖滨校区,河南省平顶山市新城区未来路南段,profile,本轮读取第三方档案 · 仅定位至城市，县区待核 · 办学状态仍需官网复核
PROFILE880_2,4141010919,平顶山学院,河南省,平顶山市,崇文校区,河南省平顶山市新城区崇文路,profile,本轮读取第三方档案 · 仅定位至城市，县区待核 · 办学状态仍需官网复核
PROFILE878_0,4141010479,安阳师范学院,河南省,安阳市,弦歌大道校区,河南省安阳市弦歌大道436号,profile,本轮读取第三方档案 · 仅定位至城市，县区待核 · 办学状态仍需官网复核
PROFILE878_1,4141010479,安阳师范学院,河南省,安阳市,文明大道校区,河南省安阳市文明大道265号,profile,本轮读取第三方档案 · 仅定位至城市，县区待核 · 办学状态仍需官网复核
PROFILE875_1,4111010038,首都经济贸易大学,北京市,北京市,红庙校区,北京市朝阳门外金台里2号,profile,本轮读取第三方档案 · 仅定位至城市，县区待核 · 办学状态仍需官网复核
PROFILE873_0,4141010471,河南中医药大学,河南省,郑州市,龙子湖校区,河南省郑州市郑东新区金水东路156号,profile,本轮读取第三方档案 · 仅定位至城市，县区待核 · 办学状态仍需官网复核
PROFILE872_0,4136013774,豫章师范学院,江西省,南昌市,红角洲校区,江西省南昌市梅岭大道1999号,profile,本轮读取第三方档案 · 仅定位至城市，县区待核 · 办学状态仍需官网复核
PROFILE869_0,4136010846,江西科技学院,江西省,南昌市,办学地点（档案未命名）,江西省南昌市高新区紫阳大道115号江西科技学院,profile,本轮读取第三方档案 · 仅定位至城市，县区待核 · 办学状态仍需官网复核
PROFILE868_0,4136012795,南昌理工学院,江西省,南昌市,南昌校区,江西省南昌经济技术开发区英雄大道901号,profile,本轮读取第三方档案 · 仅定位至城市，县区待核 · 办学状态仍需官网复核
PROFILE867_0,4136011319,江西水利电力大学,江西省,南昌市,瑶湖校区,江西省南昌市高新技术开发区天祥大道289号,profile,本轮读取第三方档案 · 仅定位至城市，县区待核 · 办学状态仍需官网复核
PROFILE863_0,4161013121,西安思源学院,陕西省,西安市,校本部,陕西省西安市东郊水安路28号,profile,本轮读取第三方档案 · 仅定位至城市，县区待核 · 办学状态仍需官网复核
PROFILE861_0,4115013740,通辽职业学院,内蒙古自治区,通辽市,办学地点（档案未命名）,内蒙古自治区通辽经济技术开发区那达慕文化园西侧,profile,本轮读取第三方档案 · 仅定位至城市，县区待核 · 办学状态仍需官网复核
PROFILE861_1,4115013740,通辽职业学院,内蒙古自治区,通辽市,办学地点（档案未命名）,吐尔基山大街(北绕城线)与保康路交汇处南450米,profile,本轮读取第三方档案 · 仅定位至城市，县区待核 · 办学状态仍需官网复核
PROFILE855_0,4112012788,天津商务职业学院,天津市,天津市,海河教育园校区,天津市海河教育园区雅观路23号,profile,本轮读取第三方档案 · 仅定位至城市，县区待核 · 办学状态仍需官网复核
PROFILE853_0,4141011653,南阳理工学院,河南省,南阳市,办学地点（档案未命名）,河南省南阳市长江路80号,profile,本轮读取第三方档案 · 仅定位至城市，县区待核 · 办学状态仍需官网复核
PROFILE834_0,4141011330,安阳工学院,河南省,安阳市,办学地点（档案未命名）,河南省安阳市黄河大道西段,profile,本轮读取第三方档案 · 仅定位至城市，县区待核 · 办学状态仍需官网复核
PROFILE833_0,4141010476,河南师范大学,河南省,新乡市,校本部,河南省新乡市建设东路46号,profile,本轮读取第三方档案 · 仅定位至城市，县区待核 · 办学状态仍需官网复核
PROFILE833_2,4141010476,河南师范大学,河南省,新乡市,科技创新港校区,新乡市平原示范区黄河大道河南师范大学科技创新港,profile,本轮读取第三方档案 · 仅定位至城市，县区待核 · 办学状态仍需官网复核
PROFILE815_0,4142011654,武汉商学院,湖北省,武汉市,后官湖校区,湖北省武汉市武汉经济技术开发区东风大道816号,profile,本轮读取第三方档案 · 仅定位至城市，县区待核 · 办学状态仍需官网复核
PROFILE815_2,4142011654,武汉商学院,湖北省,武汉市,马影河校区,湖北省武汉经开区周家河北路以北、育文路两侧、育源路以南,profile,本轮读取第三方档案 · 仅定位至城市，县区待核 · 办学状态仍需官网复核
PROFILE811_0,4142012951,湖北中医药高等专科学校,湖北省,荆州市,南校区,湖北省荆州市学苑路87号,profile,本轮读取第三方档案 · 仅定位至城市，县区待核 · 办学状态仍需官网复核
PROFILE811_1,4142012951,湖北中医药高等专科学校,湖北省,荆州市,城中校区,湖北省荆州市人民路4号,profile,本轮读取第三方档案 · 仅定位至城市，县区待核 · 办学状态仍需官网复核
PROFILE810_0,4142012051,湖北职业技术学院,湖北省,孝感市,办学地点（档案未命名）,湖北省孝感市玉泉路17号,profile,本轮读取第三方档案 · 仅定位至城市，县区待核 · 办学状态仍需官网复核
PROFILE801_1,4151013816,四川工业科技学院,四川省,德阳市,绵竹校区,四川省德阳市绵竹新市经济开发区,profile,本轮读取第三方档案 · 仅定位至城市，县区待核 · 办学状态仍需官网复核
PROFILE793_0,4151012764,四川建筑职业技术大学,四川省,德阳市,德阳校区,四川省德阳市嘉陵江西路4号,profile,本轮读取第三方档案 · 仅定位至城市，县区待核 · 办学状态仍需官网复核
PROFILE792_1,4151013814,广安职业技术学院,四川省,广安市,奎阁校区,四川省广安市经济技术开发区老关庙路东段1号,profile,本轮读取第三方档案 · 仅定位至城市，县区待核 · 办学状态仍需官网复核
PROFILE790_0,4151013049,雅安职业技术学院,四川省,雅安市,经开区校区,四川省雅安市经济开发区学道街659号,profile,本轮读取第三方档案 · 仅定位至城市，县区待核 · 办学状态仍需官网复核
PROFILE789_0,4151012970,四川职业技术学院,四川省,遂宁市,校本部,四川省遂宁市学府北路1号,profile,本轮读取第三方档案 · 仅定位至城市，县区待核 · 办学状态仍需官网复核
PROFILE789_1,4151012970,四川职业技术学院,四川省,遂宁市,射洪校区,四川省遂宁市射洪经开区富民路177号,profile,本轮读取第三方档案 · 仅定位至城市，县区待核 · 办学状态仍需官网复核
PROFILE788_0,4151012963,四川托普信息技术职业学院,四川省,成都市,办学地点（档案未命名）,四川省成都市高新区西区大道2000号,profile,本轮读取第三方档案 · 仅定位至城市，县区待核 · 办学状态仍需官网复核
PROFILE787_0,4132010304,南通大学,江苏省,南通市,啬园校区,江苏省南通市啬园路9号,profile,本轮读取第三方档案 · 仅定位至城市，县区待核 · 办学状态仍需官网复核
PROFILE786_2,4121010147,辽宁工程技术大学,辽宁省,阜新市,阜新校区玉龙校园,辽宁省阜新市玉龙路88号,profile,本轮读取第三方档案 · 仅定位至城市，县区待核 · 办学状态仍需官网复核
PROFILE774_0,4151012635,成都职业技术学院,四川省,成都市,高新校区,成都市高新区益州大道北段15号,profile,本轮读取第三方档案 · 仅定位至城市，县区待核 · 办学状态仍需官网复核
PROFILE769_2,4151011116,成都工业学院,四川省,成都市,花牌坊校区,四川省成都市花牌坊街2号,profile,本轮读取第三方档案 · 仅定位至城市，县区待核 · 办学状态仍需官网复核
PROFILE769_3,4151011116,成都工业学院,四川省,宜宾市,宜宾校区,四川省宜宾市临港经济技术开发区大学路三段9号,profile,本轮读取第三方档案 · 仅定位至城市，县区待核 · 办学状态仍需官网复核
PROFILE766_2,4123011046,牡丹江大学,黑龙江省,牡丹江市,穆棱校区,黑龙江省牡丹江市穆棱经济开发区,profile,本轮读取第三方档案 · 仅定位至城市，县区待核 · 办学状态仍需官网复核
PROFILE763_0,4123011635,哈尔滨信息工程学院,黑龙江省,哈尔滨市,哈东校区,黑龙江省哈尔滨市宾西技术开发区大学城9号,profile,本轮读取第三方档案 · 仅定位至城市，县区待核 · 办学状态仍需官网复核
PROFILE763_1,4123011635,哈尔滨信息工程学院,黑龙江省,哈尔滨市,江北校区,黑龙江省哈尔滨市利民开发区学院路950号,profile,本轮读取第三方档案 · 仅定位至城市，县区待核 · 办学状态仍需官网复核
PROFILE757_1,4113012408,河北政法职业学院,河北省,石家庄市,五七路校区（老校区）,河北省学府支路（原五七路）21号,profile,本轮读取第三方档案 · 仅定位至城市，县区待核 · 办学状态仍需官网复核
PROFILE746_0,4113013397,石家庄邮电职业技术学院,河北省,石家庄市,西校区,河北省石家庄市体育南大街318号,profile,本轮读取第三方档案 · 仅定位至城市，县区待核 · 办学状态仍需官网复核
PROFILE746_1,4113013397,石家庄邮电职业技术学院,河北省,石家庄市,东校区,河北省石家庄市翟营南大街51号,profile,本轮读取第三方档案 · 仅定位至城市，县区待核 · 办学状态仍需官网复核
PROFILE740_2,4123013730,黑龙江三江美术职业学院,黑龙江省,佳木斯市,哈尔滨新校区,哈尔滨龙美路1号（长江路南段,profile,本轮读取第三方档案 · 仅定位至城市，县区待核 · 办学状态仍需官网复核
PROFILE740_3,4123013730,黑龙江三江美术职业学院,黑龙江省,佳木斯市,办学地点（档案未命名）,香坊区与阿城区交界处）,profile,本轮读取第三方档案 · 仅定位至城市，县区待核 · 办学状态仍需官网复核
PROFILE737_1,4123012727,黑龙江农垦职业学院,黑龙江省,哈尔滨市,宾西校区,黑龙江省哈尔滨市宾西开发区大学城1号,profile,本轮读取第三方档案 · 仅定位至城市，县区待核 · 办学状态仍需官网复核
PROFILE730_0,4113013395,廊坊职业技术学院,河北省,廊坊市,大学城校区,河北省廊坊市开发区东方大学城二期,profile,本轮读取第三方档案 · 仅定位至城市，县区待核 · 办学状态仍需官网复核
PROFILE730_1,4113013395,廊坊职业技术学院,河北省,廊坊市,西校区,河北省廊坊市爱民西道42号,profile,本轮读取第三方档案 · 仅定位至城市，县区待核 · 办学状态仍需官网复核
PROFILE729_0,4113013071,河北交通职业技术学院,河北省,石家庄市,主校区,石家庄市高新区槐安东路339号,profile,本轮读取第三方档案 · 仅定位至城市，县区待核 · 办学状态仍需官网复核
PROFILE728_1,4113013403,石家庄科技信息职业学院,河北省,石家庄市,灵寿校区,石家庄灵寿经济开发区人民东路,profile,本轮读取第三方档案 · 仅定位至城市，县区待核 · 办学状态仍需官网复核
PROFILE726_0,4113012887,河北旅游职业学院,河北省,承德市,办学地点（档案未命名）,河北省承德市高新技术产业开发区,profile,本轮读取第三方档案 · 仅定位至城市，县区待核 · 办学状态仍需官网复核
PROFILE717_0,4113012352,河北软件职业技术学院,河北省,保定市,校本部,河北省保定市东风东路999号,profile,本轮读取第三方档案 · 仅定位至城市，县区待核 · 办学状态仍需官网复核
PROFILE704_0,4113011034,邯郸职业技术学院,河北省,邯郸市,办学地点（档案未命名）,中国河北省邯郸市渚河路141号,profile,本轮读取第三方档案 · 仅定位至城市，县区待核 · 办学状态仍需官网复核
PROFILE702_0,4113012424,石家庄铁路职业技术学院,河北省,石家庄市,长安校区,河北省石家庄市四水厂路18号,profile,本轮读取第三方档案 · 仅定位至城市，县区待核 · 办学状态仍需官网复核
PROFILE701_1,4113011238,石家庄职业技术学院,河北省,石家庄市,正定校区,河北省石家庄市正定新区天宁路226号、227号,profile,本轮读取第三方档案 · 仅定位至城市，县区待核 · 办学状态仍需官网复核
PROFILE700_1,4113012415,沧州职业技术学院,河北省,沧州市,渤海校区,河北省沧州渤海新区中捷产业园区文汇路,profile,本轮读取第三方档案 · 仅定位至城市，县区待核 · 办学状态仍需官网复核
PROFILE696_0,4113011423,张家口职业技术学院,河北省,张家口市,主校区,河北省张家口市经开区胜利南路50号,profile,本轮读取第三方档案 · 仅定位至城市，县区待核 · 办学状态仍需官网复核
PROFILE691_0,4113010098,河北民族师范学院,河北省,承德市,办学地点（档案未命名）,河北省承德市高新技术产业开发区学院路西2号,profile,本轮读取第三方档案 · 仅定位至城市，县区待核 · 办学状态仍需官网复核
PROFILE688_0,4113010085,河北水利电力学院,河北省,沧州市,办学地点（档案未命名）,河北省沧州市黄河西路49号,profile,本轮读取第三方档案 · 仅定位至城市，县区待核 · 办学状态仍需官网复核
PROFILE687_0,4113011629,北华航天工业学院,河北省,廊坊市,廊坊校区,河北省廊坊市爱民东道133号,profile,本轮读取第三方档案 · 仅定位至城市，县区待核 · 办学状态仍需官网复核
PROFILE687_1,4113011629,北华航天工业学院,河北省,廊坊市,固安校区,河北省廊坊市固安高新技术产业开发区航天大道7号,profile,本轮读取第三方档案 · 仅定位至城市，县区待核 · 办学状态仍需官网复核
PROFILE646_1,4144011113,深圳职业技术大学,广东省,深圳市,深汕校区,广东省深圳市深汕合作区赤石镇大水口村,profile,本轮读取第三方档案 · 仅定位至城市，县区待核 · 办学状态仍需官网复核
PROFILE635_1,4144012040,广州民航职业技术学院,广东省,广州市,白云机场校区,广东省广州市白云国际机场空港北横六路,profile,本轮读取第三方档案 · 仅定位至城市，县区待核 · 办学状态仍需官网复核
PROFILE628_0,4113010102,石家庄学院,河北省,石家庄市,南校区,河北省石家庄市高新技术产业开发区珠峰大街288号,profile,本轮读取第三方档案 · 仅定位至城市，县区待核 · 办学状态仍需官网复核
PROFILE628_1,4113010102,石家庄学院,河北省,石家庄市,北校区,河北省石家庄市高新技术产业开发区长江大道6号,profile,本轮读取第三方档案 · 仅定位至城市，县区待核 · 办学状态仍需官网复核
PROFILE627_0,4113010101,衡水学院,河北省,衡水市,校本部,河北省衡水市和平西路1088号,profile,本轮读取第三方档案 · 仅定位至城市，县区待核 · 办学状态仍需官网复核
PROFILE627_1,4113010101,衡水学院,河北省,衡水市,滨湖校区,衡水市滨湖新区龙腾路1999号,profile,本轮读取第三方档案 · 仅定位至城市，县区待核 · 办学状态仍需官网复核
PROFILE625_0,4113010100,廊坊师范学院,河北省,廊坊市,廊坊校区,河北省廊坊市爱民西道100号,profile,本轮读取第三方档案 · 仅定位至城市，县区待核 · 办学状态仍需官网复核
PROFILE624_0,4113010099,唐山师范学院,河北省,唐山市,大学道校区,河北省唐山市建设北路156号,profile,本轮读取第三方档案 · 仅定位至城市，县区待核 · 办学状态仍需官网复核
PROFILE624_1,4113010099,唐山师范学院,河北省,唐山市,学院路校区,河北省唐山市学院路41号,profile,本轮读取第三方档案 · 仅定位至城市，县区待核 · 办学状态仍需官网复核
PROFILE613_1,4144012959,广东工贸职业技术学院,广东省,广州市,办学地点（档案未命名）,1098号,profile,本轮读取第三方档案 · 仅定位至城市，县区待核 · 办学状态仍需官网复核
PROFILE602_0,4113010076,河北工程大学,河北省,邯郸市,办学地点（档案未命名）,河北省邯郸经济技术开发区太极路19号,profile,本轮读取第三方档案 · 仅定位至城市，县区待核 · 办学状态仍需官网复核
PROFILE601_0,4113010092,河北北方学院,河北省,张家口市,校本部,河北省张家口市高新区钻石南路11号,profile,本轮读取第三方档案 · 仅定位至城市，县区待核 · 办学状态仍需官网复核
PROFILE601_3,4113010092,河北北方学院,河北省,张家口市,北校区,河北省张家口市长青路14号,profile,本轮读取第三方档案 · 仅定位至城市，县区待核 · 办学状态仍需官网复核
PROFILE596_2,4113010089,河北医科大学,河北省,石家庄市,建华校区南院,河北省石家庄市东岗路48号,profile,本轮读取第三方档案 · 仅定位至城市，县区待核 · 办学状态仍需官网复核
PROFILE595_0,4113010094,河北师范大学,河北省,石家庄市,裕华校区,河北省石家庄市南二环东路20号,profile,本轮读取第三方档案 · 仅定位至城市，县区待核 · 办学状态仍需官网复核
PROFILE595_1,4113010094,河北师范大学,河北省,石家庄市,红旗校区,河北省石家庄市红旗大街469号,profile,本轮读取第三方档案 · 仅定位至城市，县区待核 · 办学状态仍需官网复核
PROFILE570_1,4111010011,北京工商大学,北京市,北京市,良乡校区,北京市良乡高教园区,profile,本轮读取第三方档案 · 仅定位至城市，县区待核 · 办学状态仍需官网复核
PROFILE564_3,4111010047,中央美术学院,上海市,上海市,上海校区,上海市临港南汇新城镇环湖南二路1099号,profile,本轮读取第三方档案 · 仅定位至城市，县区待核 · 办学状态仍需官网复核
PROFILE554_2,4137011066,烟台大学,山东省,烟台市,八角湾校区,山东省烟台市黄渤海新区八角湾滨海地带,profile,本轮读取第三方档案 · 仅定位至城市，县区待核 · 办学状态仍需官网复核
PROFILE550_0,4137010453,泰山学院,山东省,泰安市,北校区,山东省泰安市东岳大街525号,profile,本轮读取第三方档案 · 仅定位至城市，县区待核 · 办学状态仍需官网复核
PROFILE550_1,4137010453,泰山学院,山东省,泰安市,南校区,山东省泰安市高新技术开发区凤天路789号,profile,本轮读取第三方档案 · 仅定位至城市，县区待核 · 办学状态仍需官网复核
PROFILE547_3,4137010431,齐鲁工业大学,山东省,济南市,彩石校区,山东省济南市经十东路28789号,profile,本轮读取第三方档案 · 仅定位至城市，县区待核 · 办学状态仍需官网复核
PROFILE542_0,4137010434,山东农业大学,山东省,泰安市,岱宗校区,山东省泰安市岱宗大街61号,profile,本轮读取第三方档案 · 仅定位至城市，县区待核 · 办学状态仍需官网复核
PROFILE539_0,4145010606,玉林师范学院,广西壮族自治区,玉林市,西校区,广西壮族自治区玉林市教育中路299号,profile,本轮读取第三方档案 · 仅定位至城市，县区待核 · 办学状态仍需官网复核
PROFILE539_1,4145010606,玉林师范学院,广西壮族自治区,玉林市,东校区,广西壮族自治区玉林市教育东路东1303号,profile,本轮读取第三方档案 · 仅定位至城市，县区待核 · 办学状态仍需官网复核
PROFILE537_0,4137010424,山东科技大学,山东省,青岛市,青岛校区,山东省青岛市经济技术开发区前湾港路579号,profile,本轮读取第三方档案 · 仅定位至城市，县区待核 · 办学状态仍需官网复核
PROFILE534_0,4137011510,山东交通学院,山东省,济南市,长清校区,山东省济南市长清大学科技园海棠路5001号,profile,本轮读取第三方档案 · 仅定位至城市，县区待核 · 办学状态仍需官网复核
PROFILE534_2,4137011510,山东交通学院,山东省,济南市,东校区（南院）,山东省济南市燕子山西路40号,profile,本轮读取第三方档案 · 仅定位至城市，县区待核 · 办学状态仍需官网复核
PROFILE534_4,4137011510,山东交通学院,山东省,济南市,东校区（北院）,山东省济南市桑园路52号,profile,本轮读取第三方档案 · 仅定位至城市，县区待核 · 办学状态仍需官网复核
PROFILE533_2,4145010596,桂林理工大学,广西壮族自治区,南宁市,南宁安吉校区,广西壮族自治区南宁市安吉大道15号,profile,本轮读取第三方档案 · 仅定位至城市，县区待核 · 办学状态仍需官网复核
PROFILE529_0,4115010139,内蒙古财经大学,内蒙古自治区,呼和浩特市,西校区,内蒙古呼和浩特市北二环路185号,profile,本轮读取第三方档案 · 仅定位至城市，县区待核 · 办学状态仍需官网复核
PROFILE529_1,4115010139,内蒙古财经大学,内蒙古自治区,呼和浩特市,东校区,内蒙古呼和浩特海拉尔大街47号,profile,本轮读取第三方档案 · 仅定位至城市，县区待核 · 办学状态仍需官网复核
PROFILE525_0,4115010132,内蒙古医科大学,内蒙古自治区,呼和浩特市,金山校区,内蒙古自治区呼和浩特市金山经济技术开发区,profile,本轮读取第三方档案 · 仅定位至城市，县区待核 · 办学状态仍需官网复核
PROFILE519_0,4115010135,内蒙古师范大学,内蒙古自治区,呼和浩特市,赛罕校区,内蒙古呼和浩特市昭乌达路81号,profile,本轮读取第三方档案 · 仅定位至城市，县区待核 · 办学状态仍需官网复核
PROFILE519_1,4115010135,内蒙古师范大学,内蒙古自治区,呼和浩特市,盛乐校区,内蒙古呼和浩特市和林格尔盛乐经济园区,profile,本轮读取第三方档案 · 仅定位至城市，县区待核 · 办学状态仍需官网复核
PROFILE518_0,4152010661,遵义医科大学,贵州省,遵义市,新蒲校区,贵州省遵义市新蒲新区校园1号路,profile,本轮读取第三方档案 · 仅定位至城市，县区待核 · 办学状态仍需官网复核
PROFILE515_0,4152010660,贵州医科大学,贵州省,贵阳市,云漫湖校区,贵州省贵安新区安康大道6号,profile,本轮读取第三方档案 · 仅定位至城市，县区待核 · 办学状态仍需官网复核
PROFILE515_1,4152010660,贵州医科大学,贵州省,贵阳市,北校区,贵州省贵阳市北京路9号,profile,本轮读取第三方档案 · 仅定位至城市，县区待核 · 办学状态仍需官网复核
PROFILE514_0,4152010663,贵州师范大学,贵州省,贵阳市,花溪校区,贵州省贵安新区花溪大学城贵州师范大学东区,profile,本轮读取第三方档案 · 仅定位至城市，县区待核 · 办学状态仍需官网复核
PROFILE508_1,4115010128,内蒙古工业大学,内蒙古自治区,鄂尔多斯市,康巴什校区,内蒙古鄂尔多斯市高新技术产业开发区,profile,本轮读取第三方档案 · 仅定位至城市，县区待核 · 办学状态仍需官网复核
PROFILE508_2,4115010128,内蒙古工业大学,内蒙古自治区,呼和浩特市,金川校区,内蒙古自治区呼和浩特市经济技术开发区金川工业园区,profile,本轮读取第三方档案 · 仅定位至城市，县区待核 · 办学状态仍需官网复核
PROFILE507_0,4137010426,青岛科技大学,山东省,青岛市,崂山校区,山东省青岛市松岭路99号,profile,本轮读取第三方档案 · 仅定位至城市，县区待核 · 办学状态仍需官网复核
PROFILE507_1,4137010426,青岛科技大学,山东省,青岛市,四方校区,山东省青岛市郑州路53号,profile,本轮读取第三方档案 · 仅定位至城市，县区待核 · 办学状态仍需官网复核
PROFILE507_3,4137010426,青岛科技大学,山东省,济南市,济南校区,山东省济南市文化东路80号,profile,本轮读取第三方档案 · 仅定位至城市，县区待核 · 办学状态仍需官网复核
PROFILE507_4,4137010426,青岛科技大学,山东省,青岛市,中德校区,山东省青岛市西海岸新区团结路3698号,profile,本轮读取第三方档案 · 仅定位至城市，县区待核 · 办学状态仍需官网复核
PROFILE504_4,4146010589,海南大学,海南省,三亚市,崖州湾科教园校区,三亚市崖州湾科技城规划一路,profile,本轮读取第三方档案 · 仅定位至城市，县区待核 · 办学状态仍需官网复核
PROFILE502_0,4162010740,河西学院,甘肃省,张掖市,校本部,甘肃省张掖市环城北路846号,profile,本轮读取第三方档案 · 仅定位至城市，县区待核 · 办学状态仍需官网复核
PROFILE502_1,4162010740,河西学院,甘肃省,张掖市,医学校区,甘肃省张掖市丹霞东路24号,profile,本轮读取第三方档案 · 仅定位至城市，县区待核 · 办学状态仍需官网复核
PROFILE498_2,4162010735,甘肃中医药大学,甘肃省,兰州市,和平校区,甘肃省兰州市和平开发区中医大道1号,profile,本轮读取第三方档案 · 仅定位至城市，县区待核 · 办学状态仍需官网复核
PROFILE493_0,4141010480,许昌学院,河南省,许昌市,八一路校区,河南省许昌市八一路88号,profile,本轮读取第三方档案 · 仅定位至城市，县区待核 · 办学状态仍需官网复核
PROFILE493_1,4141010480,许昌学院,河南省,许昌市,兴华路校区,河南省许昌市兴华路2111号,profile,本轮读取第三方档案 · 仅定位至城市，县区待核 · 办学状态仍需官网复核
PROFILE480_0,4162010742,西北民族大学,甘肃省,兰州市,西北新村校区,甘肃省兰州市西北新村1号,profile,本轮读取第三方档案 · 仅定位至城市，县区待核 · 办学状态仍需官网复核
PROFILE479_0,4141010485,郑州航空工业管理学院,河南省,郑州市,大学路校区,河南省郑州市大学中路2号,profile,本轮读取第三方档案 · 仅定位至城市，县区待核 · 办学状态仍需官网复核
PROFILE477_0,4135010395,闽江大学,福建省,福州市,校本部,福建省福州市大学城溪源宫路200号,profile,本轮读取第三方档案 · 仅定位至城市，县区待核 · 办学状态仍需官网复核
PROFILE469_0,4141011834,黄河科技学院,河南省,郑州市,南校区,河南省郑州市紫荆山南路666号,profile,本轮读取第三方档案 · 仅定位至城市，县区待核 · 办学状态仍需官网复核
PROFILE466_1,4141010463,河南工业大学,河南省,郑州市,莲花街校区,河南省郑州市国家高新技术开发区莲花街100号,profile,本轮读取第三方档案 · 仅定位至城市，县区待核 · 办学状态仍需官网复核
PROFILE464_1,4141010078,华北水利水电大学,河南省,郑州市,龙子湖校区,河南省郑州市郑东新区金水东路136号,profile,本轮读取第三方档案 · 仅定位至城市，县区待核 · 办学状态仍需官网复核
PROFILE463_0,4141010460,河南理工大学,河南省,焦作市,南校区,河南省焦作市高新区世纪路2001号,profile,本轮读取第三方档案 · 仅定位至城市，县区待核 · 办学状态仍需官网复核
PROFILE462_1,4141010466,河南农业大学,河南省,郑州市,龙子湖校区,河南省郑州市郑东新区平安大道218号,profile,本轮读取第三方档案 · 仅定位至城市，县区待核 · 办学状态仍需官网复核
PROFILE458_2,4141010462,郑州轻工业大学,河南省,郑州市,科学校区,河南省郑州市高新技术产业开发区科学大道136号,profile,本轮读取第三方档案 · 仅定位至城市，县区待核 · 办学状态仍需官网复核
PROFILE448_1,4142010522,武汉体育学院,湖北省,十堰市,武当山校区,湖北省十堰市武当山旅游经济特区,profile,本轮读取第三方档案 · 仅定位至城市，县区待核 · 办学状态仍需官网复核
PROFILE446_0,4123010220,东北石油大学,黑龙江省,大庆市,大庆校区,黑龙江省大庆市高新技术产业开发区学府街99号,profile,本轮读取第三方档案 · 仅定位至城市，县区待核 · 办学状态仍需官网复核
PROFILE446_1,4123010220,东北石油大学,河北省,秦皇岛市,秦皇岛校区,河北省秦皇岛市河北大街西段550号,profile,本轮读取第三方档案 · 仅定位至城市，县区待核 · 办学状态仍需官网复核
PROFILE434_0,4142010490,武汉工程大学,湖北省,武汉市,流芳校区,湖北省武汉市东湖新技术开发区光谷一路206号,profile,本轮读取第三方档案 · 仅定位至城市，县区待核 · 办学状态仍需官网复核
PROFILE429_1,4123010226,哈尔滨医科大学,黑龙江省,大庆市,大庆校区,黑龙江省大庆市高新区新阳路39号,profile,本轮读取第三方档案 · 仅定位至城市，县区待核 · 办学状态仍需官网复核
PROFILE427_0,4123010223,黑龙江八一农垦大学,黑龙江省,大庆市,办学地点（档案未命名）,黑龙江省大庆市高新区新风路5号,profile,本轮读取第三方档案 · 仅定位至城市，县区待核 · 办学状态仍需官网复核
PROFILE413_1,4122010208,吉林体育学院,吉林省,长春市,临河校区,吉林省长春市经开区临河街5699号,profile,本轮读取第三方档案 · 仅定位至城市，县区待核 · 办学状态仍需官网复核
PROFILE412_0,4122010207,吉林财经大学,吉林省,长春市,办学地点（档案未命名）,吉林省长春市净月大街3699号,profile,本轮读取第三方档案 · 仅定位至城市，县区待核 · 办学状态仍需官网复核
PROFILE410_0,4122010206,白城师范学院,吉林省,白城市,经开校区,吉林省白城市吉林白城经济开发区保平街道阳光社区中兴西大路57号,profile,本轮读取第三方档案 · 仅定位至城市，县区待核 · 办学状态仍需官网复核
PROFILE404_0,4122010199,长春中医药大学,吉林省,长春市,净月校区,吉林省长春市净月开发区博硕路1035号,profile,本轮读取第三方档案 · 仅定位至城市，县区待核 · 办学状态仍需官网复核
PROFILE400_2,4122010192,吉林化工大学,吉林省,吉林市,双吉校区,吉林省吉林市经济技术开发区双吉街,profile,本轮读取第三方档案 · 仅定位至城市，县区待核 · 办学状态仍需官网复核
PROFILE395_0,4122010191,吉林建筑大学,吉林省,长春市,办学地点（档案未命名）,吉林省长春市净月开发区新城大街5088号,profile,本轮读取第三方档案 · 仅定位至城市，县区待核 · 办学状态仍需官网复核
PROFILE391_1,4143010555,南华大学,湖南省,衡阳市,雨母校区,湖南省衡阳市高新区衡州大道228号,profile,本轮读取第三方档案 · 仅定位至城市，县区待核 · 办学状态仍需官网复核
PROFILE390_2,4122010203,吉林师范大学,吉林省,长春市,长春校区,吉林省长春市高新区卓越大街399号,profile,本轮读取第三方档案 · 仅定位至城市，县区待核 · 办学状态仍需官网复核
PROFILE387_1,4122010205,长春师范大学,吉林省,长春市,乐群校区,吉林省长春市吉林大路3291号,profile,本轮读取第三方档案 · 仅定位至城市，县区待核 · 办学状态仍需官网复核
PROFILE387_2,4122010205,长春师范大学,吉林省,长春市,北湖校区,吉林省长春市高新技术产业开发区奋进乡一间堡社区,profile,本轮读取第三方档案 · 仅定位至城市，县区待核 · 办学状态仍需官网复核
PROFILE383_1,4161011400,西安培华学院,陕西省,西安市,高新校区,陕西省西安市高新区白沙路南段2号,profile,本轮读取第三方档案 · 仅定位至城市，县区待核 · 办学状态仍需官网复核
PROFILE381_1,4122010190,长春工业大学,吉林省,长春市,北湖校区,吉林省长春市高新技术产业开发区北区北远达大街3000号,profile,本轮读取第三方档案 · 仅定位至城市，县区待核 · 办学状态仍需官网复核
PROFILE377_1,4122011726,长春大学,吉林省,长春市,高新校区（西校区）,吉林省长春市长春高新技术产业开发区双德街道科苑社区卫星路8326号,profile,本轮读取第三方档案 · 仅定位至城市，县区待核 · 办学状态仍需官网复核
PROFILE376_0,4161010726,西北政法大学,陕西省,西安市,长安校区,陕西省西安市西长安街558号,profile,本轮读取第三方档案 · 仅定位至城市，县区待核 · 办学状态仍需官网复核
PROFILE376_1,4161010726,西北政法大学,陕西省,西安市,雁塔校区,陕西省西安市长安南路300号,profile,本轮读取第三方档案 · 仅定位至城市，县区待核 · 办学状态仍需官网复核
PROFILE374_1,4122010201,北华大学,吉林省,吉林市,师范分院校区,吉林省吉林市吉林高新技术产业开发区高新街道日升社区吉林大街22号,profile,本轮读取第三方档案 · 仅定位至城市，县区待核 · 办学状态仍需官网复核
PROFILE374_2,4122010201,北华大学,吉林省,吉林市,南校区,吉林省吉林市吉林高新技术产业开发区高新街道师苑社区吉林大街15号,profile,本轮读取第三方档案 · 仅定位至城市，县区待核 · 办学状态仍需官网复核
PROFILE372_0,4163010748,青海民族大学,青海省,西宁市,东序校区,青海省西宁市八一中路3号,profile,本轮读取第三方档案 · 仅定位至城市，县区待核 · 办学状态仍需官网复核
PROFILE372_1,4163010748,青海民族大学,青海省,西宁市,西昆校区,青海省西宁市八一中路72号,profile,本轮读取第三方档案 · 仅定位至城市，县区待核 · 办学状态仍需官网复核
PROFILE372_2,4163010748,青海民族大学,青海省,西宁市,博雅校区,青海省西宁市曹二路52号,profile,本轮读取第三方档案 · 仅定位至城市，县区待核 · 办学状态仍需官网复核
PROFILE372_3,4163010748,青海民族大学,青海省,西宁市,文实校区,青海省西宁市夏都大街78号,profile,本轮读取第三方档案 · 仅定位至城市，县区待核 · 办学状态仍需官网复核
PROFILE372_4,4163010748,青海民族大学,青海省,西宁市,南山校区,青海省西宁市南山东路15号,profile,本轮读取第三方档案 · 仅定位至城市，县区待核 · 办学状态仍需官网复核
PROFILE370_1,4163010746,青海师范大学,青海省,西宁市,城西校区,青海省西宁市城西五四西路38号,profile,本轮读取第三方档案 · 仅定位至城市，县区待核 · 办学状态仍需官网复核
PROFILE369_2,4161010721,宝鸡文理学院,陕西省,宝鸡市,蟠龙校区,陕西省宝鸡市蟠龙新区龙翔大道003号,profile,本轮读取第三方档案 · 仅定位至城市，县区待核 · 办学状态仍需官网复核
PROFILE365_0,4161010716,陕西中医药大学,陕西省,咸阳市,南校区,陕西省西咸新区西咸大道,profile,本轮读取第三方档案 · 仅定位至城市，县区待核 · 办学状态仍需官网复核
PROFILE364_4,4154010694,西藏大学,西藏自治区,拉萨市,教育城校区,西藏自治区拉萨市教育城,profile,本轮读取第三方档案 · 仅定位至城市，县区待核 · 办学状态仍需官网复核
PROFILE363_0,4161011664,西安邮电大学,陕西省,西安市,雁塔校区,陕西省西安市长安南路563号,profile,本轮读取第三方档案 · 仅定位至城市，县区待核 · 办学状态仍需官网复核
PROFILE360_1,4153010690,云南艺术学院,云南省,昆明市,麻园校区,云南省昆明市科业路23号,profile,本轮读取第三方档案 · 仅定位至城市，县区待核 · 办学状态仍需官网复核
PROFILE357_1,4161010708,陕西科技大学,陕西省,西安市,太华路校区,陕西省西安市太华北路43号,profile,本轮读取第三方档案 · 仅定位至城市，县区待核 · 办学状态仍需官网复核
PROFILE351_2,4161010703,西安建筑科技大学,陕西省,西安市,草堂校区,陕西省西安市草堂寺景区草寺东路,profile,本轮读取第三方档案 · 仅定位至城市，县区待核 · 办学状态仍需官网复核
PROFILE347_1,4153010678,昆明医科大学,云南省,昆明市,人民西路校区,云南省昆明市人民西路191号,profile,本轮读取第三方档案 · 仅定位至城市，县区待核 · 办学状态仍需官网复核
PROFILE344_1,4153010681,云南师范大学,云南省,昆明市,一二·一西南联大校区,云南省昆明市一二·一大街298号,profile,本轮读取第三方档案 · 仅定位至城市，县区待核 · 办学状态仍需官网复核
PROFILE342_1,4153010674,昆明理工大学,云南省,昆明市,嵩明校区,云南省昆明市嵩明职教新城空港大道1号,profile,本轮读取第三方档案 · 仅定位至城市，县区待核 · 办学状态仍需官网复核
PROFILE342_2,4153010674,昆明理工大学,云南省,昆明市,莲华校区,云南省昆明市一二一大街文昌路68号,profile,本轮读取第三方档案 · 仅定位至城市，县区待核 · 办学状态仍需官网复核
PROFILE342_3,4153010674,昆明理工大学,云南省,昆明市,新迎校区,云南省昆明市环城东路50号,profile,本轮读取第三方档案 · 仅定位至城市，县区待核 · 办学状态仍需官网复核
PROFILE340_0,4134010383,铜陵学院,安徽省,铜陵市,翠湖校区,安徽省铜陵市翠湖四路1335号,profile,本轮读取第三方档案 · 仅定位至城市，县区待核 · 办学状态仍需官网复核
PROFILE340_1,4134010383,铜陵学院,安徽省,铜陵市,育秀校区,安徽省铜陵市北京中路297号,profile,本轮读取第三方档案 · 仅定位至城市，县区待核 · 办学状态仍需官网复核
PROFILE336_1,4161010719,延安大学,陕西省,延安市,新城校区,陕西省延安市新区公学北路1号,profile,本轮读取第三方档案 · 仅定位至城市，县区待核 · 办学状态仍需官网复核
PROFILE330_1,4161010698,西安交通大学,陕西省,西安市,雁塔校区,西安市朱雀大街205号,profile,本轮读取第三方档案 · 仅定位至城市，县区待核 · 办学状态仍需官网复核
PROFILE323_1,4131010276,华东政法大学,上海市,上海市,松江校区,上海市松江大学园区龙源路555号,profile,本轮读取第三方档案 · 仅定位至城市，县区待核 · 办学状态仍需官网复核
PROFILE316_1,4134010363,安徽工程大学,安徽省,芜湖市,国际工程师学院校区,安徽省芜湖市经济技术开发区赤铸山东路100号,profile,本轮读取第三方档案 · 仅定位至城市，县区待核 · 办学状态仍需官网复核
PROFILE314_0,4134010370,安徽师范大学,安徽省,芜湖市,赭山校区,安徽省芜湖市北京中路2号,profile,本轮读取第三方档案 · 仅定位至城市，县区待核 · 办学状态仍需官网复核
PROFILE314_1,4134010370,安徽师范大学,安徽省,芜湖市,天门山校区,安徽省芜湖市九华北路171号,profile,本轮读取第三方档案 · 仅定位至城市，县区待核 · 办学状态仍需官网复核
PROFILE298_0,4144010576,韶关学院,广东省,韶关市,校本部,广东省韶关市大学路288号,profile,本轮读取第三方档案 · 仅定位至城市，县区待核 · 办学状态仍需官网复核
PROFILE298_1,4144010576,韶关学院,广东省,韶关市,黄田坝校区,广东省韶关市惠民北路64号韶关学院,profile,本轮读取第三方档案 · 仅定位至城市，县区待核 · 办学状态仍需官网复核
PROFILE297_0,4144010578,韩山师范学院,广东省,潮州市,校本部,广东省潮州市区桥东,profile,本轮读取第三方档案 · 仅定位至城市，县区待核 · 办学状态仍需官网复核
PROFILE286_4,4144011845,广东工业大学,广东省,揭阳市,揭阳校区,广东省揭阳市粤东新城大学路,profile,本轮读取第三方档案 · 仅定位至城市，县区待核 · 办学状态仍需官网复核
PROFILE283_0,4144010560,汕头大学,广东省,汕头市,桑浦山校区,广东省汕头市大学路243号,profile,本轮读取第三方档案 · 仅定位至城市，县区待核 · 办学状态仍需官网复核
PROFILE283_1,4144010560,汕头大学,广东省,汕头市,东海岸校区,广东省汕头市翠峰路5号,profile,本轮读取第三方档案 · 仅定位至城市，县区待核 · 办学状态仍需官网复核
PROFILE282_0,4114010119,太原师范学院,山西省,太原市,南内环校区,山西省太原市南内环街189号,profile,本轮读取第三方档案 · 仅定位至城市，县区待核 · 办学状态仍需官网复核
PROFILE282_2,4114010119,太原师范学院,山西省,太原市,黄陵校区,山西省太原市黄陵路19号,profile,本轮读取第三方档案 · 仅定位至城市，县区待核 · 办学状态仍需官网复核
PROFILE282_3,4114010119,太原师范学院,山西省,太原市,侯家巷校区,山西省太原市侯家巷9号,profile,本轮读取第三方档案 · 仅定位至城市，县区待核 · 办学状态仍需官网复核
PROFILE280_0,4114010124,忻州师范学院,山西省,忻州市,校本部,山西省忻州市顿奇东街1号,profile,本轮读取第三方档案 · 仅定位至城市，县区待核 · 办学状态仍需官网复核
PROFILE279_0,4114010117,长治医学院,山西省,长治市,校本部,山西省长治市解放东街161号,profile,本轮读取第三方档案 · 仅定位至城市，县区待核 · 办学状态仍需官网复核
PROFILE279_1,4114010117,长治医学院,山西省,长治市,五龙校区,山西省长治市长治县英雄南路1688号,profile,本轮读取第三方档案 · 仅定位至城市，县区待核 · 办学状态仍需官网复核
PROFILE275_0,4114010125,山西财经大学,山西省,太原市,坞城校区,山西省太原市坞城路140号,profile,本轮读取第三方档案 · 仅定位至城市，县区待核 · 办学状态仍需官网复核
PROFILE275_1,4114010125,山西财经大学,山西省,太原市,迎泽校区,山西省太原市南内环街135号,profile,本轮读取第三方档案 · 仅定位至城市，县区待核 · 办学状态仍需官网复核
PROFILE274_1,4151010632,西南医科大学,四川省,泸州市,忠山校区,四川省泸州市忠山路3段319号,profile,本轮读取第三方档案 · 仅定位至城市，县区待核 · 办学状态仍需官网复核
PROFILE273_2,4151010622,四川轻化工大学,四川省,宜宾市,宜宾校区,四川省宜宾市三江新区白塔路1号,profile,本轮读取第三方档案 · 仅定位至城市，县区待核 · 办学状态仍需官网复核
PROFILE267_1,4151010624,中国民用航空飞行学院,四川省,成都市,成都天府校区,四川省成都市东部新区未来科技城福田街道,profile,本轮读取第三方档案 · 仅定位至城市，县区待核 · 办学状态仍需官网复核
PROFILE255_0,4133010349,绍兴大学,浙江省,绍兴市,校本部,浙江省绍兴市环城西路508号,profile,本轮读取第三方档案 · 仅定位至城市，县区待核 · 办学状态仍需官网复核
PROFILE252_0,4133010346,杭州师范大学,浙江省,杭州市,仓前校区,浙江省杭州市余杭塘路2318号,profile,本轮读取第三方档案 · 仅定位至城市，县区待核 · 办学状态仍需官网复核
PROFILE251_1,4133010343,温州医科大学,浙江省,温州市,学院路校区,温州市学院西路82号,profile,本轮读取第三方档案 · 仅定位至城市，县区待核 · 办学状态仍需官网复核
PROFILE245_3,4151010623,西华大学,四川省,宜宾市,宜宾校区,四川省宜宾市临港经济技术开发区大学城路三段1号,profile,本轮读取第三方档案 · 仅定位至城市，县区待核 · 办学状态仍需官网复核
PROFILE244_0,4133010354,嘉兴大学,浙江省,嘉兴市,梁林校区,浙江省嘉兴市广穹路899号,profile,本轮读取第三方档案 · 仅定位至城市，县区待核 · 办学状态仍需官网复核
PROFILE241_1,4133010345,浙江师范大学,浙江省,杭州市,杭州校区,浙江省杭州市萧山高教园区耕文路1108号,profile,本轮读取第三方档案 · 仅定位至城市，县区待核 · 办学状态仍需官网复核
PROFILE237_0,4165010766,新疆财经大学,新疆维吾尔自治区,乌鲁木齐市,校本部,新疆维吾尔自治区乌鲁木齐市北京中路449号,profile,本轮读取第三方档案 · 仅定位至城市，县区待核 · 办学状态仍需官网复核
PROFILE234_0,4165010760,新疆医科大学,新疆维吾尔自治区,乌鲁木齐市,新医路校区,新疆维吾尔自治区乌鲁木齐市新医路393号,profile,本轮读取第三方档案 · 仅定位至城市，县区待核 · 办学状态仍需官网复核
PROFILE232_1,4151010616,成都理工大学,四川省,宜宾市,宜宾校区,四川省宜宾市临港经济技术开发区大学城路三段218号,profile,本轮读取第三方档案 · 仅定位至城市，县区待核 · 办学状态仍需官网复核
PROFILE231_0,4151010656,西南民族大学,四川省,成都市,武侯校区,四川省成都市一环路南四段16号,profile,本轮读取第三方档案 · 仅定位至城市，县区待核 · 办学状态仍需官网复核
PROFILE227_0,4121010142,沈阳工业大学,辽宁省,沈阳市,中央校区,辽宁省沈阳市经济技术开发区沈辽西路111号,profile,本轮读取第三方档案 · 仅定位至城市，县区待核 · 办学状态仍需官网复核
PROFILE227_3,4121010142,沈阳工业大学,辽宁省,沈阳市,国家大学科技园,沈阳经济技术开发区四号街20号,profile,本轮读取第三方档案 · 仅定位至城市，县区待核 · 办学状态仍需官网复核
PROFILE226_1,4121010163,沈阳药科大学,辽宁省,本溪市,南校区,辽宁省本溪市高新技术产业开发区华佗大街26号,profile,本轮读取第三方档案 · 仅定位至城市，县区待核 · 办学状态仍需官网复核
PROFILE219_0,4121010161,大连医科大学,辽宁省,大连市,办学地点（档案未命名）,辽宁省大连市旅顺南路西段9号,profile,本轮读取第三方档案 · 仅定位至城市，县区待核 · 办学状态仍需官网复核
PROFILE216_0,4121010172,大连外国语大学,辽宁省,大连市,旅顺校区,辽宁省大连市旅顺南路西段6号,profile,本轮读取第三方档案 · 仅定位至城市，县区待核 · 办学状态仍需官网复核
PROFILE208_0,4121012026,大连民族大学,辽宁省,大连市,开发区校区,大连经济技术开发区辽河西路18号,profile,本轮读取第三方档案 · 仅定位至城市，县区待核 · 办学状态仍需官网复核
PROFILE208_1,4121012026,大连民族大学,辽宁省,大连市,金石滩校区,大连金石滩旅游度假区金石路31号,profile,本轮读取第三方档案 · 仅定位至城市，县区待核 · 办学状态仍需官网复核
PROFILE205_1,4121010162,辽宁中医药大学,辽宁省,大连市,大连校区,辽宁省大连市双D港生命1路77号,profile,本轮读取第三方档案 · 仅定位至城市，县区待核 · 办学状态仍需官网复核
PROFILE202_0,4121010164,沈阳医学院,辽宁省,沈阳市,办学地点（档案未命名）,辽宁省沈阳市黄河北大街146号,profile,本轮读取第三方档案 · 仅定位至城市，县区待核 · 办学状态仍需官网复核
PROFILE200_2,4121010178,鲁迅美术学院,辽宁省,大连市,大连金石滩校区,辽宁省大连市金州新区金石滩金石路39号,profile,本轮读取第三方档案 · 仅定位至城市，县区待核 · 办学状态仍需官网复核
PROFILE196_2,4150010655,四川美术学院,重庆市,重庆市,悦来校区,重庆市两江新区嘉陵江畔、悦来江湾,profile,本轮读取第三方档案 · 仅定位至城市，县区待核 · 办学状态仍需官网复核
PROFILE194_0,4136011843,九江学院,江西省,九江市,主校区,江西省九江市前进东路551号,profile,本轮读取第三方档案 · 仅定位至城市，县区待核 · 办学状态仍需官网复核
PROFILE194_1,4136011843,九江学院,江西省,九江市,浔东校区,江西省九江市浔阳东路320号,profile,本轮读取第三方档案 · 仅定位至城市，县区待核 · 办学状态仍需官网复核
PROFILE189_0,4136010418,赣南师范大学,江西省,赣州市,蓉江校区,江西省赣州市蓉江新区师大南路1号,profile,本轮读取第三方档案 · 仅定位至城市，县区待核 · 办学状态仍需官网复核
PROFILE183_1,4136010408,景德镇陶瓷大学,江西省,景德镇市,湘湖校区,江西省景德镇市湘湖路99号,profile,本轮读取第三方档案 · 仅定位至城市，县区待核 · 办学状态仍需官网复核
PROFILE180_0,4150010652,西南政法大学,重庆市,重庆市,两江校区,重庆市两江新区宝圣大道301号,profile,本轮读取第三方档案 · 仅定位至城市，县区待核 · 办学状态仍需官网复核
PROFILE177_0,4136010406,南昌航空大学,江西省,南昌市,前湖校区,江西省南昌市红谷滩新区丰和南大道696号,profile,本轮读取第三方档案 · 仅定位至城市，县区待核 · 办学状态仍需官网复核
PROFILE176_0,4136010405,东华理工大学,江西省,南昌市,南昌校区,江西省南昌市经开区广兰大道418号,profile,本轮读取第三方档案 · 仅定位至城市，县区待核 · 办学状态仍需官网复核
PROFILE175_0,4136010421,江西财经大学,江西省,南昌市,蛟桥园校区,江西省南昌市昌北国家经济技术开发区双港东大街169号,profile,本轮读取第三方档案 · 仅定位至城市，县区待核 · 办学状态仍需官网复核
PROFILE175_1,4136010421,江西财经大学,江西省,南昌市,麦庐园校区,江西省南昌市昌北国家经济技术开发区玉屏大道,profile,本轮读取第三方档案 · 仅定位至城市，县区待核 · 办学状态仍需官网复核
PROFILE175_2,4136010421,江西财经大学,江西省,南昌市,枫林园校区,江西省南昌市昌北国家经济技术开发区枫林大道632号,profile,本轮读取第三方档案 · 仅定位至城市，县区待核 · 办学状态仍需官网复核
PROFILE174_0,4136010414,江西师范大学,江西省,南昌市,瑶湖校区,江西省南昌市紫阳大道99号,profile,本轮读取第三方档案 · 仅定位至城市，县区待核 · 办学状态仍需官网复核
PROFILE174_1,4136010414,江西师范大学,江西省,南昌市,青山湖校区（科学技术学院）,江西省南昌市北京西路437号,profile,本轮读取第三方档案 · 仅定位至城市，县区待核 · 办学状态仍需官网复核
PROFILE173_0,4132011117,扬州大学,江苏省,扬州市,荷花池校区,江苏省扬州市大学南路88号,profile,本轮读取第三方档案 · 仅定位至城市，县区待核 · 办学状态仍需官网复核
PROFILE173_2,4132011117,扬州大学,江苏省,扬州市,文汇路校区,江苏省扬州市文汇东路48号,profile,本轮读取第三方档案 · 仅定位至城市，县区待核 · 办学状态仍需官网复核
PROFILE173_3,4132011117,扬州大学,江苏省,扬州市,江阳路北校区,江苏省扬州市江阳中路136号,profile,本轮读取第三方档案 · 仅定位至城市，县区待核 · 办学状态仍需官网复核
PROFILE173_4,4132011117,扬州大学,江苏省,扬州市,江阳路南校区,江苏省扬州市江阳中路131号,profile,本轮读取第三方档案 · 仅定位至城市，县区待核 · 办学状态仍需官网复核
PROFILE172_0,4136010410,江西农业大学,江西省,南昌市,南北校区,江西省南昌市经济技术开发区志敏大道1101号,profile,本轮读取第三方档案 · 仅定位至城市，县区待核 · 办学状态仍需官网复核
PROFILE171_0,4132010291,南京工业大学,江苏省,南京市,江浦校区,江苏省南京市江北新区浦珠南路30号,profile,本轮读取第三方档案 · 仅定位至城市，县区待核 · 办学状态仍需官网复核
PROFILE170_0,4132010299,江苏大学,江苏省,镇江市,校本部,江苏省镇江市学府路301号,profile,本轮读取第三方档案 · 仅定位至城市，县区待核 · 办学状态仍需官网复核
PROFILE167_0,4132010320,江苏师范大学,江苏省,徐州市,泉山校区,江苏省徐州市铜山新区上海路101号,profile,本轮读取第三方档案 · 仅定位至城市，县区待核 · 办学状态仍需官网复核
PROFILE166_0,4132010300,南京信息工程大学,江苏省,南京市,校本部,江苏省南京市宁六路219号,profile,本轮读取第三方档案 · 仅定位至城市，县区待核 · 办学状态仍需官网复核
PROFILE165_3,4136010407,江西理工大学,江西省,南昌市,南昌校区,江西省南昌市昌北开发区双港东大街1180号,profile,本轮读取第三方档案 · 仅定位至城市，县区待核 · 办学状态仍需官网复核
PROFILE163_2,4132010332,苏州科技大学,江苏省,苏州市,天平校区,江苏省苏州市高新区长江路55号,profile,本轮读取第三方档案 · 仅定位至城市，县区待核 · 办学状态仍需官网复核
PROFILE162_1,4132010315,南京中医药大学,江苏省,南京市,汉中门校区,江苏省南京市汉中路282号,profile,本轮读取第三方档案 · 仅定位至城市，县区待核 · 办学状态仍需官网复核
PROFILE162_2,4132010315,南京中医药大学,江苏省,泰州市,泰州校区,江苏省泰州市医药高新技术产业开发区匡时路6号,profile,本轮读取第三方档案 · 仅定位至城市，县区待核 · 办学状态仍需官网复核
PROFILE161_0,4132010289,江苏科技大学,江苏省,镇江市,长山校区,江苏省镇江市丹徒新区长晖路666号,profile,本轮读取第三方档案 · 仅定位至城市，县区待核 · 办学状态仍需官网复核
PROFILE161_1,4132010289,江苏科技大学,江苏省,镇江市,梦溪校区,江苏省镇江市梦溪路2号,profile,本轮读取第三方档案 · 仅定位至城市，县区待核 · 办学状态仍需官网复核
PROFILE160_0,4132010293,南京邮电大学,江苏省,南京市,仙林校区,江苏省南京市仙林大学城文苑路9号,profile,本轮读取第三方档案 · 仅定位至城市，县区待核 · 办学状态仍需官网复核
PROFILE160_1,4132010293,南京邮电大学,江苏省,南京市,三牌楼校区,江苏省南京市新模范马路66号,profile,本轮读取第三方档案 · 仅定位至城市，县区待核 · 办学状态仍需官网复核
PROFILE160_2,4132010293,南京邮电大学,江苏省,南京市,锁金村校区,江苏省南京市龙蟠路177号,profile,本轮读取第三方档案 · 仅定位至城市，县区待核 · 办学状态仍需官网复核
PROFILE159_0,4133010336,杭州电子科技大学,浙江省,杭州市,下沙校区,浙江省杭州市杭州经济开发区白杨街道2号大街1158号,profile,本轮读取第三方档案 · 仅定位至城市，县区待核 · 办学状态仍需官网复核
PROFILE159_3,4133010336,杭州电子科技大学,浙江省,杭州市,下沙东校区,浙江省杭州市江干区金沙东路,profile,本轮读取第三方档案 · 仅定位至城市，县区待核 · 办学状态仍需官网复核
PROFILE154_0,4132010305,盐城工学院,江苏省,盐城市,希望大道校区,江苏省盐城市希望大道中路1号,profile,本轮读取第三方档案 · 仅定位至城市，县区待核 · 办学状态仍需官网复核
PROFILE154_1,4132010305,盐城工学院,江苏省,盐城市,建军东路校区,江苏省盐城市建军东路211号,profile,本轮读取第三方档案 · 仅定位至城市，县区待核 · 办学状态仍需官网复核
PROFILE152_0,4132011049,淮安大学,江苏省,淮安市,枚乘路校区,江苏省淮安市枚乘东路1号,profile,本轮读取第三方档案 · 仅定位至城市，县区待核 · 办学状态仍需官网复核
PROFILE146_0,4132011276,南京工程学院,江苏省,南京市,办学地点（档案未命名）,江苏省南京市江宁科学园弘景大道1号,profile,本轮读取第三方档案 · 仅定位至城市，县区待核 · 办学状态仍需官网复核
PROFILE143_4,4111010007,北京理工大学,广东省,珠海市,珠海校区,广东省珠海市唐家湾金凤路6号,profile,本轮读取第三方档案 · 仅定位至城市，县区待核 · 办学状态仍需官网复核
PROFILE138_1,4121010141,大连理工大学,辽宁省,大连市,开发区校区,辽宁省大连市金普新区图强路321号,profile,本轮读取第三方档案 · 仅定位至城市，县区待核 · 办学状态仍需官网复核
PROFILE135_2,4131010255,东华大学,上海市,上海市,新华路校区,上海市新华路365弄6号,profile,本轮读取第三方档案 · 仅定位至城市，县区待核 · 办学状态仍需官网复核
PROFILE125_1,4131010248,上海交通大学,上海市,上海市,七宝校区,上海市七莘路2678号,profile,本轮读取第三方档案 · 仅定位至城市，县区待核 · 办学状态仍需官网复核
PROFILE125_4,4131010248,上海交通大学,上海市,上海市,黄浦校区,上海市重庆南路227号,profile,本轮读取第三方档案 · 仅定位至城市，县区待核 · 办学状态仍需官网复核
PROFILE123_4,4143010533,中南大学,湖南省,长沙市,杏林校区,湖南省长沙市桐梓坡路172号,profile,本轮读取第三方档案 · 仅定位至城市，县区待核 · 办学状态仍需官网复核
PROFILE113_2,4132010307,南京农业大学,江苏省,南京市,白马教学科研基地,江苏南京白马国家农业科技园科技创新核心区,profile,本轮读取第三方档案 · 仅定位至城市，县区待核 · 办学状态仍需官网复核
PROFILE113_4,4132010307,南京农业大学,江苏省,南京市,滨江校区,江苏省南京江北新区滨江大道666号,profile,本轮读取第三方档案 · 仅定位至城市，县区待核 · 办学状态仍需官网复核
PROFILE109_4,4132010286,东南大学,江苏省,苏州市,苏州校区,江苏省苏州市苏州工业园区林泉街399号,profile,本轮读取第三方档案 · 仅定位至城市，县区待核 · 办学状态仍需官网复核
PROFILE102_2,4135010384,厦门大学,福建省,厦门市,漳州校区,福建省漳州招商局经济技术开发区南滨大道300号,profile,本轮读取第三方档案 · 仅定位至城市，县区待核 · 办学状态仍需官网复核
PROFILE102_4,4135010384,厦门大学,福建省,厦门市,马来西亚分校,马来西亚雪兰莪州沙叻丁宜,profile,本轮读取第三方档案 · 仅定位至城市，县区待核 · 办学状态仍需官网复核
PROFILE86_0,4132010295,江南大学,江苏省,无锡市,蠡湖校区,江苏省无锡市蠡湖大道1800号,profile,本轮读取第三方档案 · 仅定位至城市，县区待核 · 办学状态仍需官网复核
PROFILE82_1,4112010057,天津科技大学,天津市,天津市,滨海校区,天津市经济技术开发区第十三大街9号,profile,本轮读取第三方档案 · 仅定位至城市，县区待核 · 办学状态仍需官网复核
PROFILE72_2,4134010366,安徽医科大学,安徽省,合肥市,翡翠路校区,安徽省合肥市经济技术开发区翡翠路15号,profile,本轮读取第三方档案 · 仅定位至城市，县区待核 · 办学状态仍需官网复核
PROFILE72_3,4134010366,安徽医科大学,安徽省,合肥市,铜陵路校区,合肥市新站高新技术产业开发区唐河路,profile,本轮读取第三方档案 · 仅定位至城市，县区待核 · 办学状态仍需官网复核
PROFILE68_0,4134010361,安徽理工大学,安徽省,淮南市,校本部,安徽省淮南市泰丰大街168号,profile,本轮读取第三方档案 · 仅定位至城市，县区待核 · 办学状态仍需官网复核
PROFILE68_1,4134010361,安徽理工大学,安徽省,合肥市,合肥校区,安徽省合肥市双凤工业区凤霞路15号,profile,本轮读取第三方档案 · 仅定位至城市，县区待核 · 办学状态仍需官网复核
PROFILE67_0,4134010357,安徽大学,安徽省,合肥市,磬苑校区,合肥市经济技术开发区九龙路111号,profile,本轮读取第三方档案 · 仅定位至城市，县区待核 · 办学状态仍需官网复核
PROFILE65_0,4137010448,德州学院,山东省,德州市,办学地点（档案未命名）,山东省德州市大学西路566号,profile,本轮读取第三方档案 · 仅定位至城市，县区待核 · 办学状态仍需官网复核
PROFILE63_1,4134010359,合肥工业大学,安徽省,合肥市,翡翠湖校区,安徽省合肥市经济技术开发区大学城翡翠路420号,profile,本轮读取第三方档案 · 仅定位至城市，县区待核 · 办学状态仍需官网复核
PROFILE61_3,4137010423,中国海洋大学,山东省,青岛市,西海岸校区,青岛市三沙路1299号,profile,本轮读取第三方档案 · 仅定位至城市，县区待核 · 办学状态仍需官网复核
PROFILE59_1,4112010055,南开大学,天津市,天津市,津南校区,天津市海河教育园区同砚路38号,profile,本轮读取第三方档案 · 仅定位至城市，县区待核 · 办学状态仍需官网复核
PROFILE59_2,4112010055,南开大学,天津市,天津市,泰达校区,天津经济开发区宏达街23号,profile,本轮读取第三方档案 · 仅定位至城市，县区待核 · 办学状态仍需官网复核
PROFILE57_0,4161010701,西安电子科技大学,陕西省,西安市,长安校区,陕西省西安市西沣路兴隆段266号,profile,本轮读取第三方档案 · 仅定位至城市，县区待核 · 办学状态仍需官网复核
PROFILE57_1,4161010701,西安电子科技大学,陕西省,西安市,雁塔校区,陕西省西安市太白南路2号,profile,本轮读取第三方档案 · 仅定位至城市，县区待核 · 办学状态仍需官网复核
PROFILE56_0,4113011832,河北经贸大学,河北省,石家庄市,北校区,河北省石家庄市学府路47号,profile,本轮读取第三方档案 · 仅定位至城市，县区待核 · 办学状态仍需官网复核
PROFILE54_1,4113010075,河北大学,河北省,保定市,七一路校区,河北省保定市七一东路 2666 号,profile,本轮读取第三方档案 · 仅定位至城市，县区待核 · 办学状态仍需官网复核
PROFILE54_2,4113010075,河北大学,河北省,保定市,裕华路校区,河北省保定市裕华东路 342号,profile,本轮读取第三方档案 · 仅定位至城市，县区待核 · 办学状态仍需官网复核
PROFILE51_3,4151010613,西南交通大学,四川省,成都市,成都东部（国际）校区,四川省成都市东部新区林栖大道三岔TOD区域,profile,本轮读取第三方档案 · 仅定位至城市，县区待核 · 办学状态仍需官网复核
PROFILE41_2,4113010080,河北工业大学,天津市,天津市,芬兰校区,河北工业大学天津校区/芬兰拉彭兰塔理工大学,profile,本轮读取第三方档案 · 仅定位至城市，县区待核 · 办学状态仍需官网复核
PROFILE37_1,4161010697,西北大学,陕西省,西安市,太白校区,陕西省西安市太白北路229号,profile,本轮读取第三方档案 · 仅定位至城市，县区待核 · 办学状态仍需官网复核
PROFILE37_2,4161010697,西北大学,陕西省,西安市,桃园校区,陕西省西安市高新四路15号,profile,本轮读取第三方档案 · 仅定位至城市，县区待核 · 办学状态仍需官网复核
PROFILE36_1,4161010710,长安大学,陕西省,西安市,南校区,陕西省西安市南二环路中段,profile,本轮读取第三方档案 · 仅定位至城市，县区待核 · 办学状态仍需官网复核
PROFILE33_0,4121010151,大连海事大学,辽宁省,大连市,东山校区,辽宁省大连市凌海路1号,profile,本轮读取第三方档案 · 仅定位至城市，县区待核 · 办学状态仍需官网复核
